Item_Identifier,Item_Outlet_Sales
FDW58,1414.4257
FDW14,1208.477
NCN55,475.89368
FDQ58,2117.1987
FDY38,5065.841
FDH56,1640.7057
FDL48,584.3085
FDC48,2133.8875
FDN33,1299.283
FDA36,2704.7317
FDT44,1638.7498
FDQ56,1207.4319
NCC54,478.54752
FDU11,1800.1704
DRL59,686.41125
FDM24,2102.333
FDI57,2687.1829
DRC12,2450.369
NCM42,2316.447
FDA46,409.20688
FDA31,2458.8289
NCJ31,3253.703
FDG52,660.8787
NCL19,282.1394
FDS10,2526.3296
FDX22,499.5215
NCF19,662.97107
NCE06,2319.9038
DRC27,3333.3145
FDE21,1647.7726
NCR42,64.820076
FDX51,2450.2017
NCR06,457.17474
FDU31,4751.567
FDU59,2317.2449
FDR03,4915.583
FDS49,1868.4777
FDD48,222.7714
NCF18,2699.8076
NCD43,2298.238
NCD54,1519.82
FDY19,222.00925
NCY54,2458.8289
NCL19,1880.6864
FDP23,454.07507
FDC26,1612.7751
FDR14,144.66534
NCS41,2724.6504
FDF41,3522.223
FDU34,1778.167
DRH11,779.5337
FDM03,1423.0403
FDS31,2523.4233
FDJ20,1695.3796
FDV44,4368.3604
FDG02,2709.453
FDA09,2470.308
FDT04,590.0208
FDL58,486.13644
FDE52,1212.5393
FDW12,2132.1423
FDL51,2855.4055
NCY42,2808.001
FDR07,1237.283
FDN40,2096.776
FDB35,2191.6672
FDA22,2323.9534
NCL06,3386.5525
FDI35,2525.7017
NCW42,2959.2942
NCX06,2478.8757
FDC37,2301.209
FDZ14,1562.3215
DRG49,3282.1467
NCG06,3409.6685
DRC36,2453.5938
FDV21,283.08417
FDB53,2100.4363
DRP47,485.61826
FDA14,2118.575
DRC24,2113.1926
FDW21,1262.0004
NCH29,1298.9885
FDU58,2712.048
FDY27,2470.6875
FDV56,1444.2673
FDT59,3367.1084
FDB23,3111.556
FDR49,670.611
FDB03,523.8878
FDN39,2330.3845
FDX02,4955.3354
FDQ16,2304.0264
FDU35,1232.5793
NCT29,1780.1881
FDZ27,668.1566
FDN57,1810.0736
FDA03,1871.7405
FDZ36,2692.5437
NCU05,1165.4646
FDT39,1861.3367
FDK60,1300.0614
FDZ25,2370.3167
FDG12,1789.0525
DRB01,409.35733
NCC43,5187.333
FDX13,504.0556
FDM22,762.1721
FDJ03,1123.2521
FDU14,3213.086
FDB33,334.49646
FDP27,2687.5417
FDO38,158.09537
FDE28,5065.841
FDO27,1299.283
DRL23,2303.8506
FDS28,755.4074
FDX24,1232.2107
FDZ02,1302.6783
FDL46,1552.7666
FDS60,4087.1287
NCO06,482.30334
FDO16,1234.4231
FDC60,1218.8207
FDA48,2659.224
FDZ36,4368.702
FDK27,1791.1066
FDW23,470.98227
FDM14,1382.8767
FDM14,1427.2953
FDW60,2253.2014
FDE21,1647.7726
NCM42,1441.7487
FDY59,183.12805
DRI49,1165.4646
FDT28,295.00766
FDQ22,445.585
FDR60,1043.0741
FDC50,182.37558
FDV24,2103.631
DRF48,412.11737
FDQ47,556.61163
DRN36,1288.0364
NCY06,1781.5391
FDE52,1212.5393
NCB54,1785.1279
NCF31,2107.0803
FDJ08,4344.2627
NCC07,1422.7504
NCD19,1355.731
FDL46,1552.7666
FDM20,3382.0552
NCI06,365.19022
DRM11,3382.052
NCH07,2011.2417
FDS23,1817.5808
FDO49,594.54913
FDS35,914.507
DRK39,1168.5474
DRI39,777.2574
FDV04,2278.4978
NCN14,2682.6836
FDH08,3395.3965
FDS20,2724.6504
FDV40,1035.1111
FDZ48,219.56587
FDS24,2170.6558
FDK44,2458.8289
FDS48,2104.663
FDK26,422.49332
FDD23,2702.6733
NCH54,2323.9534
NCP14,198.62253
FDM60,73.21242
FDV24,2103.631
FDH08,3065.2473
FDS12,2774.0972
FDR39,4111.388
FDP12,824.28735
DRF60,5142.055
FDC09,1425.4508
FDF50,2466.2764
FDG28,3348.4788
NCE19,779.5337
NCM53,219.81863
NCN18,1591.0503
FDF32,2718.9585
FDF11,3408.4326
DRI59,3103.7856
NCG54,2353.844
FDM44,1424.8558
FDT57,3075.0178
FDV24,2103.631
FDI50,480.3257
FDS09,664.6229
NCC31,3444.5386
FDQ07,466.00473
FDC22,2714.6936
FDZ56,2373.0376
FDZ40,144.37772
FDS46,2471.1472
DRD24,1825.1243
FDV45,2692.9521
FDL26,2168.9395
FDA56,1566.8395
FDN27,1552.7681
FDM20,3382.0552
FDO16,1193.6368
FDL03,2716.4824
FDE58,1638.9398
FDI02,2475.822
NCC55,75.57942
FDR03,2791.9924
FDB14,1224.992
FDR45,3345.4326
NCN07,1818.6711
FDM51,199.50629
FDT52,5268.756
FDL26,2096.463
NCZ42,3454.1367
DRI47,307.31824
FDW40,1816.2302
FDN34,2364.8333
FDS01,2476.0334
NCG55,1644.0894
FDC11,1138.1497
FDX35,2822.7278
NCB06,2275.083
FDR09,480.68112
FDC53,1306.1044
FDY45,3366.4597
FDA22,331.6165
FDE02,1300.0614
FDW21,1443.1031
FDV34,949.56555
FDS59,1441.2726
NCW17,1789.0704
NCK54,1647.7726
FDG17,496.51855
FDG35,2250.3943
FDD08,73.90919
NCO07,3060.6772
FDJ10,272.7164
FDW36,1421.4102
FDW21,202.52246
FDY19,1641.9047
DRE03,621.5596
NCC55,582.1233
FDH52,144.93175
FDO09,3270.0115
FDU43,3341.28
FDX09,343.41882
FDH40,182.34848
FDW58,1416.9204
FDC47,3034.9192
NCR41,1255.2413
DRG49,3282.1467
FDC52,3428.4783
FDY13,945.9874
FDY35,634.064
FDI35,2734.3398
NCU18,1813.5062
FDY33,2016.5721
FDC15,3672.6553
FDU01,2697.5613
NCU42,2373.0376
NCV29,2223.8816
NCY30,2736.1602
FDQ46,1614.6246
FDG58,3431.6914
FDK33,2955.5388
NCD07,1638.7498
NCX29,3455.307
NCT42,2113.5093
DRN59,661.6376
FDI44,1046.127
FDA45,2237.3906
FDP31,833.24426
FDY01,1638.8264
FDT09,1608.0135
DRH03,2228.548
FDA36,2422.7017
NCF31,2107.0803
FDG14,2110.241
FDG28,5268.756
FDU14,3421.741
FDY47,271.15387
FDI56,1209.3407
DRD01,754.9325
FDM22,757.7985
FDH33,604.71423
DRZ24,1638.7498
NCQ38,1425.4508
FDO16,2133.8875
FDU07,3422.629
NCB07,2659.5513
FDU48,1808.0005
NCM43,2342.9036
FDR31,274.0664
DRK49,456.16324
NCI30,475.62952
DRD60,2531.1184
NCG19,3177.465
FDH12,1421.4102
FDM32,1164.9086
FDM27,2181.3093
NCU53,3790.9001
NCQ18,1423.0403
FDS10,2473.153
FDB33,3705.2869
FDI12,1203.9088
NCW42,2993.6865
NCC06,1567.7518
FDW02,1811.8258
NCD43,1425.4508
FDM57,1030.1759
FDA58,3180.701
FDK56,2687.5417
FDP52,3248.6104
FDW20,1505.187
FDS52,1423.8159
NCT29,1492.6166
NCL54,2458.8289
FDC05,2697.9795
FDF34,2721.6343
FDP03,2793.5083
FDD32,182.55869
FDZ10,1781.7456
FDZ40,778.2715
FDD51,562.71454
NCY30,346.888
FDP58,2888.7617
FDV49,3401.54
FDY24,135.97258
NCO55,1423.0403
FDR13,1645.8828
FDS51,795.22595
FDP26,1421.4102
NCB54,2795.4224
FDF32,2691.5088
FDN31,2408.3074
DRM48,580.1023
FDN20,2368.5479
DRL01,3248.6104
FDV56,1428.9342
DRH13,2303.8506
FDA03,2124.432
FDF47,4868.8853
FDX32,2079.6135
FDX57,1301.8599
NCA30,2682.4558
FDO49,680.50525
FDL04,197.97876
DRM48,586.3494
FDR16,2894.1406
NCC19,2436.174
NCE42,3230.266
FDY24,761.8116
FDH19,2473.153
FDJ46,2469.2288
FDN45,461.1229
FDY08,1818.3129
FDZ37,1202.7516
NCT30,671.381
DRY23,464.9784
NCZ30,1566.8395
FDC44,1434.1455
FDB45,1351.9349
FDY04,2332.125
FDM27,2285.7048
FDZ43,3345.34
FDT39,307.3366
NCC06,270.62698
FDL15,3429.5088
FDL57,3363.5032
FDU08,1408.9397
FDK40,3390.7322
FDQ12,478.4652
FDS48,2114.771
FDP09,2954.3042
FDW21,1443.1031
FDY25,2528.2163
DRE13,1208.259
FDV43,75.57942
FDD22,1614.6246
FDM46,192.8487
NCO30,426.01187
FDM25,2462.5193
NCN41,1783.7742
FDU24,1242.5088
FDZ50,2697.2434
FDP45,3403.8318
NCM54,1785.1279
FDW10,343.41882
FDP20,1779.7524
FDK32,2112.6646
FDN52,1203.9088
FDM58,1592.9492
FDZ46,2492.8423
NCA18,1434.1455
FDD35,1791.1066
NCK31,676.768
FDI40,2295.419
FDT50,194.7936
NCT06,2350.1448
FDT31,2704.3267
FDT45,753.93866
FDT13,2709.453
FDO50,1210.1033
NCU18,271.12946
NCR54,2685.5042
NCO18,2223.8816
FDU09,756.2753
FDT13,2426.9329
FDE09,1623.5162
NCK53,198.62253
FDG45,2940.529
DRH15,632.9352
FDO21,491.9976
FDD14,4344.2627
FDC09,1425.4508
FDH45,925.7865
FDV32,917.1839
FDG12,1652.7827
FDS32,1821.6671
NCL55,3098.1826
DRE01,3235.148
DRE15,1054.5536
NCL42,3324.093
FDP31,827.88965
FDN33,1087.8086
FDZ59,2327.4417
FDE45,343.41882
FDJ07,1647.7726
FDQ45,2429.2576
FDM33,4650.0444
FDO15,158.82135
FDM46,1227.9154
FDR03,3063.61
FDY49,2094.5664
FDQ60,1635.9686
FDW10,2239.49
FDO51,630.166
FDJ40,1251.9899
FDS20,2441.5642
FDU45,1622.8385
FDV02,2351.1462
FDN09,3329.0913
NCM55,4344.2627
FDN23,1871.52
FDY31,273.33966
FDW03,201.74002
FDD14,2585.764
FDV23,1779.4985
DRI03,2471.719
FDN13,1418.7194
FDF45,1391.8578
FDU46,1213.0469
FDB57,3111.556
FDV12,1425.9713
FDQ58,2117.1987
NCA18,1638.7498
FDH52,780.5728
FDM24,1852.2689
NCP43,4143.172
NCO18,344.11224
FDM32,1138.8663
NCL07,527.24585
FDK03,3457.384
FDP59,1352.7131
FDQ24,3392.832
FDQ16,1250.3867
FDU44,2281.1123
FDH28,73.21242
FDV28,72.480385
FDM22,786.0911
FDR56,2695.1985
FDV39,2719.0286
FDU37,182.34848
FDQ11,507.01874
FDX02,3088.8245
NCS42,1077.5874
FDY57,2226.6257
FDB21,3275.1501
FDE28,3192.1763
FDQ55,1644.9557
FDA48,3034.9192
FDZ19,2454.5442
NCC43,3315.1816
NCV18,1167.5367
NCA42,2026.7996
FDY45,3386.7817
NCC30,2478.8757
FDM57,1205.2891
FDL09,338.86563
FDB09,2788.085
FDT44,1638.7498
NCT06,3825.9067
FDX26,2719.1738
FDK32,2112.6646
DRA12,1823.6211
FDO46,433.75778
FDE52,1206.3323
NCH42,3264.5693
FDV08,602.48804
FDB47,2752.551
FDC28,219.8813
FDD22,1635.9482
FDS07,2467.479
DRI13,2958.5488
FDG32,2769.977
FDU14,3421.741
FDD28,142.62689
NCP41,1444.2673
FDS08,2454.5442
FDX47,2290.0486
FDC53,198.89056
FDQ19,3457.3313
FDL14,2113.8884
FDM33,462.34396
FDA51,1636.0232
FDZ27,594.3535
FDT04,605.09503
DRC13,1791.7177
FDR16,4653.7495
FDQ03,5065.841
FDE38,2355.8772
DRH23,1385.1982
FDT11,418.15146
FDD09,2478.8757
FDR40,1168.5474
FDX07,2736.1602
FDR07,1237.283
FDA51,1638.8264
FDT59,500.5919
FDF20,2717.8953
FDR13,1645.8828
FDY26,2962.9807
FDW04,1813.2156
FDK52,3031.8315
FDN60,2272.4753
FDM09,350.5329
FDP46,1205.2891
FDB50,192.8499
NCQ29,3333.6326
FDP16,5275.8115
FDX33,2016.5721
FDP07,411.88754
FDN22,3290.7998
FDF39,3405.0723
FDS21,787.3081
NCM42,1426.4421
FDK50,339.45557
DRF13,3444.5386
FDH35,2050.5608
FDP60,1234.7318
DRJ49,2805.7383
NCT42,296.30426
FDE38,2355.8772
FDI04,2738.8801
NCH54,2275.083
FDT56,754.9325
DRD15,2957.598
FDV58,2400.2664
FDP21,2712.048
FDH05,3206.209
FDR10,3812.5288
NCP06,1990.5931
FDF33,1425.4508
DRK37,2712.2356
DRH49,1156.5516
FDT58,2353.844
FDD41,1236.2058
FDP40,1409.9943
FDM51,2298.238
FDO45,179.4024
FDW33,198.62253
FDY24,763.52704
FDB10,466.99854
FDM40,1811.4291
NCI06,2516.7537
FDW12,271.538
FDX48,3440.5876
NCW05,2295.3137
FDX27,1237.283
DRM37,2688.2751
FDA38,3384.9988
FDR36,577.2985
FDZ45,2718.9585
FDG05,2278.4978
FDK28,3415.3752
FDV47,1207.3436
FDN21,2270.7773
FDP20,2793.6948
FDI35,2734.3398
DRY23,612.663
FDA56,1791.1066
FDB09,1780.1881
NCO26,2463.2454
FDQ49,2014.3385
FDI52,2782.5896
FDZ44,2475.7678
FDZ09,2054.4473
FDY03,1637.8993
NCG42,1818.423
DRI13,4747.0186
FDQ32,1785.2122
FDW16,1212.5393
FDU27,617.65894
FDR28,340.7721
FDQ49,321.04233
FDS37,1645.1958
FDW26,2668.821
FDX12,3084.7844
NCP06,1990.5931
FDW45,273.4259
NCN30,1313.5405
FDN24,764.16205
NCL41,763.11084
FDR02,220.97209
FDD09,382.9365
FDS33,179.76561
FDU22,1705.5552
FDI53,2327.4417
DRH01,2458.8289
FDX32,1818.3129
NCP30,407.7156
FDB60,2719.0286
FDB14,1236.571
NCP02,769.76953
FDJ10,1835.4309
FDG34,1592.9492
NCB18,1206.265
FDM16,944.30817
FDW25,1051.2915
FDB35,176.86063
DRN11,1813.5062
FDF41,514.5034
FDH16,1208.477
NCQ50,2693.5046
DRH23,693.1125
DRJ37,2102.8464
DRJ24,4344.2627
FDY16,2689.7927
FDQ27,1445.2877
FDZ33,2102.8464
FDF29,1820.793
FDA08,2334.8032
FDG31,919.03253
FDE34,407.1218
NCR30,1700.141
FDV33,3390.024
DRZ24,1495.6237
NCL54,2464.2703
FDR12,2475.6875
NCC54,3271.818
DRN59,661.7943
FDX50,219.8813
FDV31,4060.432
NCA29,4100.8794
FDW60,2493.7654
FDX08,2741.349
DRD49,3172.1738
FDD33,3180.701
FDW35,598.0218
FDJ36,1423.1068
FDV51,2372.0474
FDW36,1421.4102
FDH35,2319.5552
NCS30,2789.809
FDN49,567.3176
FDL08,3054.027
FDI09,3201.6487
FDP19,1594.9746
FDU21,56.62547
NCP41,1428.9342
FDY10,1617.8774
FDP12,433.63754
NCN26,1647.7726
FDK44,2458.8289
FDC28,1436.6626
FDJ41,5320.2573
NCT29,1781.5391
NCH42,470.5697
FDU60,2080.054
FDS02,2800.3538
FDC51,1789.0525
FDU03,2721.2227
FDX39,3053.0134
NCY05,74.93407
NCL06,5279.431
FDD32,1048.2351
NCN41,1783.7742
NCX53,1820.3892
FDU57,296.13193
FDQ23,1423.8159
FDQ52,3443.6284
FDC14,602.82477
FDY09,2478.8757
FDQ28,2178.8093
FDV25,2951.5322
FDJ07,1647.7726
DRB25,1423.0403
FDK52,462.34396
FDY52,1429.8413
FDB28,2679.9963
FDT36,569.89166
FDV25,3077.5857
NCN07,2805.7383
FDC57,2709.5562
FDQ03,2916.4746
FDU23,2370.3167
NCX41,2955.5388
NCD06,671.381
FDW08,1423.0403
NCU29,2135.4812
NCE06,2271.1184
FDV52,213.64012
FDB02,2476.0334
NCR18,621.7457
FDK16,1242.8007
NCQ29,486.6338
FDZ01,198.89056
FDW27,2277.1375
FDD17,2985.9768
FDW39,2477.8413
DRH59,917.1839
FDS52,1423.8159
FDU40,4407.5293
NCF54,2442.4775
FDH46,1428.3916
NCP14,1423.0403
FDH50,2702.6733
DRF15,294.58466
FDV27,2177.5208
NCJ06,1710.1371
FDN02,2762.743
FDQ51,673.67285
FDQ07,3045.8745
FDS45,1443.1031
NCJ06,1784.9703
FDD36,1645.8828
FDY25,2740.205
FDU52,2100.4363
DRK47,3079.01
NCL30,1781.7456
FDN22,3290.7998
NCF30,2788.085
FDK03,3417.6794
FDT45,768.22156
NCC54,5153.3975
FDP08,2374.2922
FDU44,2330.1123
DRG39,755.9331
FDU32,1791.1066
FDY27,2456.6646
NCP54,1790.359
NCZ41,1776.1779
DRL49,1813.5062
FDI05,921.9796
FDY56,3099.9744
DRC13,1791.7177
NCV29,2478.8757
FDR24,1207.9557
FDZ34,2408.3074
FDP37,1779.4985
FDX08,4143.172
FDS57,1813.5062
NCG18,1425.4508
FDK25,2083.9983
FDH53,1159.7708
DRI59,2835.7266
FDA52,2462.5193
FDT20,75.57942
FDE36,339.67188
FDI24,2456.0107
FDB28,2431.393
FDV11,2462.5193
FDP01,1990.2817
FDD34,3812.5288
FDJ50,1185.2906
FDZ44,1647.0847
DRO59,1028.909
DRB48,587.89185
FDR21,2202.6392
NCE42,504.06088
FDO23,1240.1559
NCE30,2633.736
FDQ22,527.9723
FDY01,1638.8264
FDS08,2454.5442
FDG28,3058.6836
FDQ51,600.327
FDB05,3439.3965
FDO56,1644.011
FDE02,1078.5212
FDN45,3031.8315
FDS09,650.1893
NCA54,2282.7812
FDP09,464.13925
FDC53,1423.8159
NCM55,2687.5417
FDL09,2082.441
FDA11,182.75827
FDA50,1300.0614
FDC23,2474.1858
FDE22,2292.6775
FDD23,2702.6733
NCA29,2484.3591
FDK38,2104.663
DRC13,1790.359
NCP43,2473.153
FDX28,1418.9313
FDF08,1209.3407
FDZ33,2102.8464
FDD10,2332.007
FDO58,2328.5623
FDI50,3278.1228
FDO58,2328.5623
FDX08,2532.175
NCK17,74.46964
FDF39,3526.9905
FDU45,222.8446
NCJ18,1434.1455
DRC27,478.54752
DRC25,1214.0176
FDU59,2268.5154
FDU28,2697.5613
NCP30,524.76654
FDB39,683.6431
FDE41,1203.9088
DRH11,136.64053
FDA58,3180.701
FDU50,1635.9686
FDM34,1808.3405
FDM44,2298.238
FDR39,2606.706
FDM25,2462.5193
FDQ49,2176.454
DRH25,667.602
FDM09,4032.136
FDL44,334.9767
NCR42,322.89868
DRL59,753.2136
FDX43,2349.7424
DRK47,462.34396
FDU48,1590.1334
FDY12,663.86005
NCN43,1566.8395
NCM55,2408.3074
FDQ21,2775.3176
FDX13,3382.052
NCK30,5279.431
FDG20,2465.345
DRG27,588.72076
FDY14,3090.8083
FDP59,1352.7131
FDU60,2357.6526
NCC18,371.24893
DRJ39,2954.3042
FDS07,1635.9482
FDM08,4979.6143
FDP51,1783.6516
FDU16,1163.9911
FDH12,1421.4102
DRE48,429.00916
NCL42,5246.6143
FDR21,2454.1755
NCW29,1822.8834
FDO11,3470.3438
NCM31,1810.3457
FDV35,311.12863
FDF58,797.31995
NCE43,2353.844
FDA02,2097.6943
DRL37,85.051796
FDR24,1066.9869
FDW59,1160.9469
FDS22,627.1782
FDW24,668.81744
FDU24,1300.0614
FDA21,4377.838
FDH58,2480.023
FDW36,1234.7318
FDI45,4092.9614
FDU01,2417.284
FDF35,2307.8635
FDU43,476.067
FDE24,270.81796
FDK50,2340.217
FDG31,919.03253
FDC60,1225.0919
FDL36,1207.9557
FDP21,2712.048
FDW16,1212.5393
FDX02,3088.8245
FDQ58,3444.5386
FDT51,1594.4275
FDD59,1044.2701
NCM42,1251.8776
FDA57,451.46066
FDZ48,1612.9607
FDE46,2113.1926
NCZ30,223.04836
FDB56,2697.2434
FDA25,2295.419
FDD20,1785.1279
FDL25,1226.5093
NCO18,2478.8757
FDJ45,498.01373
FDR12,2369.3276
NCF19,95.73772
FDK25,2357.377
NCR17,1647.7726
FDC52,2114.771
NCA54,2531.1184
FDR45,483.18887
NCM19,1639.244
FDF39,3797.0237
FDX23,1298.0986
FDD58,2295.3137
FDX28,1418.9313
NCD31,2342.9036
FDU57,1857.6284
FDI27,668.0966
NCM42,1426.4421
FDD32,2118.2253
FDI34,3183.6245
NCM29,1822.8834
FDG46,1429.085
DRC01,84.83386
FDB15,5161.283
NCA17,3429.5088
FDF10,2108.4197
FDR26,4063.9233
FDI02,1614.7001
NCM54,270.0812
FDF14,2114.771
FDJ33,223.03297
FDM20,3382.0552
FDC03,4389.496
NCX05,1638.7498
NCM41,2201.8135
NCU29,296.30426
FDQ59,1166.1996
FDH46,198.86064
FDH09,673.9264
NCD06,671.381
FDC15,2168.9395
DRD37,1003.05615
FDT28,3418.7
FDR28,3808.1562
FDT38,1203.7651
FDV34,1854.7946
FDY52,855.4645
FDB34,1204.3639
DRL23,1235.3807
DRB24,2117.1987
FDJ50,774.5834
FDQ49,2103.7266
FDP20,1779.7524
FDV19,3705.2869
NCR54,2685.5042
FDO09,488.9926
FDS57,1597.7761
FDN10,1642.0511
FDV23,1779.4985
FDY28,2899.1895
DRG51,2340.217
FDD45,182.58582
NCL18,4386.5034
NCM29,1822.8834
FDF17,4382.505
FDE22,2341.9258
FDQ22,551.51117
FDS01,2476.0334
FDW35,847.8943
FDJ33,1785.0052
NCF54,2464.556
FDE09,1444.2673
NCE06,2319.9038
DRH49,1026.8344
FDY43,2353.844
NCT05,3428.6384
FDZ34,2704.9265
FDL38,1219.3204
FDZ31,2697.2434
FDR14,778.63983
NCN54,978.02026
NCC42,2795.7478
FDK08,1427.6094
FDP59,1347.0396
FDV22,2293.6348
FDD33,3180.701
DRE60,4868.8853
FDK52,3031.8315
FDA02,2085.0076
FDM56,1438.3102
FDE57,1825.1243
FDM32,1138.8663
NCQ30,2801.6914
FDQ27,2302.6772
FDT60,2784.8896
FDU43,3341.9368
NCO55,1423.0403
FDG02,2709.453
FDJ28,2709.453
FDP40,1641.0509
FDJ38,2702.4595
NCC54,3271.818
NCZ41,1776.1779
FDK38,295.60333
FDU52,2100.4363
FDC40,1033.9497
NCR30,858.6711
NCN18,1614.6246
FDB50,1044.9288
FDG04,2709.453
FDR26,2325.8433
NCT17,2421.738
FDX35,4886.4585
FDS12,1779.4985
NCZ29,2788.085
FDB38,321.6901
FDP12,566.38696
FDP22,664.6229
FDS26,3056.178
FDR52,2714.6936
DRJ13,2323.9534
FDU48,2786.6116
FDE29,804.3892
NCT29,1780.1881
DRK37,2447.7776
FDK55,1204.2191
FDR07,1237.283
FDO21,4994.8086
FDK46,3351.4124
FDB12,1423.1068
FDT31,4377.838
FDJ33,1785.0052
FDC26,2305.2183
NCQ02,2709.453
FDP08,412.84686
FDB11,4955.3354
FDV55,2116.9897
FDW20,1700.6383
NCJ18,240.13243
FDC41,903.1053
FDE14,2295.6028
FDG35,2361.4885
FDF45,777.1802
FDS19,1870.6228
FDS58,334.9767
FDA26,2974.5273
FDM32,1128.8336
FDL45,1791.7177
FDZ55,2289.638
FDY37,1823.7925
FDO46,2712.048
FDQ60,1703.94
FDA19,1594.9746
FDL15,2103.0923
FDM10,2530.5571
NCL05,585.09296
DRK49,65.15991
NCE18,5332.939
FDG40,494.37527
DRI59,2990.0303
FDK28,3376.1528
NCD06,97.16033
FDO11,506.25238
FDK27,1716.0161
FDT43,1161.897
FDD38,1236.3073
FDA16,2965.6333
FDL14,3440.5876
NCM17,631.5109
FDD20,1792.4658
FDA40,1208.477
FDL43,1048.673
FDV15,1423.0403
FDE52,1212.5393
NCL17,271.12946
NCJ31,3253.0637
FDR60,1044.9288
NCA18,1638.7498
FDS21,1618.2943
FDW09,1045.3239
FDL26,2100.682
FDS47,1066.9869
FDC39,2895.911
FDT51,1594.4275
FDK40,3390.7322
NCG19,3177.465
FDZ07,781.2861
FDF08,2191.6672
FDO04,765.39
FDK41,1028.995
FDP15,3315.1816
NCD43,1237.7258
NCP18,2117.1987
FDZ51,1246.4398
DRH13,1444.2673
FDF38,601.1502
NCI43,652.3976
FDM38,1362.7236
FDS03,915.5558
DRJ47,2459.7966
FDT50,192.3964
FDV02,2456.6902
NCG18,1425.4508
FDW52,2339.2405
FDS40,563.87427
FDN31,2687.5417
FDA37,1781.6088
FDA15,3639.8662
FDL39,2515.467
FDJ53,1778.1492
FDX22,3063.61
NCZ42,3454.1367
FDD56,4071.1829
FDD40,2725.2979
FDS50,2996.7324
NCN14,2687.856
FDT15,2731.8706
NCS18,2306.6702
NCO26,222.57793
FDF58,708.6319
NCB19,1205.2891
FDH26,1819.5781
DRB24,3444.5386
FDA49,1052.0294
FDB32,1232.5782
FDI36,2712.2278
NCA17,284.78278
FDH22,1778.4342
NCM26,1778.9985
FDT15,4415.883
FDB16,1066.3047
NCP54,2804.0044
FDJ36,1423.1068
FDO28,1700.631
FDU09,764.14777
FDF29,1790.4102
FDY08,1818.3129
DRJ59,439.95172
FDT23,1868.4777
FDU15,407.08347
FDT47,1310.2357
FDI53,340.35742
FDR59,3126.6719
FDD53,597.51245
FDY51,2896.8835
FDT04,590.0208
FDU51,2460.6792
FDG14,2110.241
NCU06,3044.3318
DRG25,2709.453
DRH49,1148.0447
FDN15,1825.8864
FDL43,915.17914
NCT18,2719.1738
NCB31,3315.131
FDK57,1644.5931
FDY04,339.67188
NCP54,1790.359
FDF41,3289.5286
FDM01,1425.9713
FDW03,1435.0183
FDF28,1788.3058
FDY37,1823.7925
FDQ03,3171.142
FDP51,2579.4463
FDJ40,1591.1216
FDC32,1239.3755
DRI49,2113.9712
NCW54,779.5337
FDF09,553.5229
FDP45,3111.55
DRJ23,2417.1548
FDS59,1591.1216
FDY08,1818.3129
FDX16,2096.463
FDY16,2412.4294
FDK32,2112.6646
FDQ22,583.2962
NCC31,1929.0522
FDG58,2108.4197
DRF48,2688.2598
DRH36,917.4011
NCR30,932.8754
FDB03,524.1792
FDZ28,2795.9211
FDR35,2741.1255
DRD15,5137.236
FDJ33,262.93884
FDA56,227.55208
FDP56,662.97107
NCT30,671.381
FDK15,1423.0403
FDH44,1857.8473
FDV01,2102.019
DRG03,2100.4363
FDG50,2212.315
FDR16,464.87888
FDZ60,1345.4335
DRG03,2100.4363
FDS56,3118.0664
FDU33,651.3454
DRD27,1421.1185
FDW22,3103.9543
DRA24,2330.2002
FDF38,586.17413
FDX48,2109.8887
FDS58,2026.7996
FDC32,1241.5789
NCQ29,3333.6326
DRK39,1031.0687
NCS38,1638.7498
DRO47,1614.6246
DRG27,879.4874
FDC57,4378.736
FDS55,2102.8464
NCJ06,1496.6274
FDO01,280.9733
NCM55,2687.5417
FDC52,2114.771
FDQ15,986.0927
NCT30,1159.1122
NCR42,739.2666
FDD28,768.88684
FDQ34,1423.0403
FDZ12,2786.936
DRE13,177.26003
NCN07,271.12946
FDM28,2513.867
FDI10,2470.8008
FDQ25,2357.0588
FDA38,491.01077
DRI13,2958.5488
FDY20,2191.6672
NCZ53,2709.453
NCM31,2083.0986
DRB01,2687.5417
DRF37,3292.929
NCF42,2458.8289
FDF16,1850.596
FDB41,615.855
FDR34,3128.7217
FDR15,1929.0522
NCV42,222.57793
FDW51,2894.1406
FDU36,1300.4064
FDX60,1164.1299
FDY03,1637.8993
FDW55,3588.2053
FDT01,500.7201
FDG58,2108.4197
FDK21,3584.001
NCS41,401.59918
FDS10,2661.2366
NCT53,2345.3076
FDJ28,2426.9329
FDX44,1209.8647
FDT20,445.585
FDO44,1438.3102
NCX17,3051.4294
FDY01,1638.8264
FDJ12,4697.8916
DRK35,464.95062
FDD47,339.352
NCM53,1423.2053
FDO45,1207.7177
NCM42,220.1935
FDE04,2462.8071
NCI30,5205.0273
FDZ19,2454.5442
FDW57,2465.345
FDA25,1425.9713
FDT22,779.5337
FDP51,1640.7057
FDD48,2477.1794
FDY39,2751.4326
FDO48,480.3257
FDD23,4368.702
DRN35,851.80945
FDT01,2899.1895
FDC20,142.89856
DRJ35,795.22595
FDB32,1178.0109
FDL24,2476.721
NCV42,1620.0085
FDZ46,1438.3102
FDC15,2168.9395
FDD08,69.18114
FDY50,1208.2764
FDD36,1652.7827
FDG57,1159.1122
FDL21,461.2419
FDN16,2295.419
FDJ09,998.8284
FDS01,360.38266
FDV33,3390.024
DRE12,1659.0441
FDR07,1235.0872
FDP48,400.2641
NCB55,779.5337
FDQ08,808.0586
FDR34,3370.3315
FDO33,1614.6246
FDP13,577.2985
FDX12,3345.0688
NCT06,2265.3826
FDR16,474.3707
FDE36,2352.6025
FDZ36,2692.5437
FDV13,1208.9817
NCZ17,570.547
FDU56,2724.6504
FDM09,2470.8008
FDV02,2456.6902
FDS34,1420.8541
FDA11,1300.3666
FDP09,3056.2888
FDB29,2472.5574
FDT19,2470.9917
DRH15,626.4789
FDY38,3192.1763
FDF14,3440.5876
FDN48,182.75827
FDQ12,3313.035
NCJ43,2484.3591
FDE17,295.79178
FDB05,3439.3965
FDH10,2406.2324
NCR06,587.4957
FDU32,1566.8395
FDD56,2448.6663
FDO36,2258.385
FDH16,177.99808
FDX10,439.13287
FDZ37,1202.7516
FDU31,475.1343
DRC49,1813.5062
FDL15,2103.0923
FDN32,410.18353
DRH59,1700.141
NCU29,2117.1987
FDR37,410.19214
FDS14,2012.9849
FDU02,4868.8853
FDJ08,2704.9265
NCZ06,3309.8918
FDO31,1168.3009
FDH31,1237.7258
FDS58,2293.6348
NCA53,1117.4852
FDF50,2716.2388
NCW42,3085.6792
NCQ17,2175.5437
FDK51,3203.4941
NCW41,334.49646
NCR29,768.22156
FDB08,321.01974
FDA40,2170.6558
FDL14,2024.4773
FDB47,3019.0745
FDO03,3122.32
DRK13,408.18713
FDX13,511.88824
FDF52,2719.1738
FDT11,2707.3225
FDB08,2275.691
FDQ28,1923.5181
FDD29,3523.6108
NCQ29,5216.2104
NCO02,915.5558
FDR56,417.84518
NCM54,1785.1279
FDP51,1640.7057
FDT38,1201.6288
FDZ20,3146.9937
FDJ53,1778.1492
FDX13,3468.6655
FDP58,2910.6125
NCK31,139.38028
FDA35,1562.3215
FDV37,2440.1704
NCO07,4747.0186
FDA20,2687.5417
FDZ59,2357.377
NCY17,623.2311
FDQ28,2106.003
FDV35,2096.463
FDQ36,481.87903
FDD34,2070.339
FDK51,3360.6455
FDV31,2458.8289
FDR04,1296.507
FDR14,777.2574
DRC36,349.75696
FDE39,222.34222
FDP57,1425.9073
FDE57,1825.1243
NCN18,1587.8514
NCQ05,1864.588
FDW47,1707.0304
FDV46,1822.4277
NCP29,867.3086
FDE09,1384.4634
NCU06,5156.264
FDT19,346.6595
DRF15,2109.8887
DRI51,2355.8772
NCX54,1425.9073
DRE01,3226.4812
NCB07,2680.421
FDU50,1635.9686
FDG40,495.25476
FDW10,2026.6467
FDX51,2722.8225
NCP17,917.67395
FDP21,2712.048
FDL04,1418.7194
FDV23,1778.1492
FDF24,1165.3022
FDH56,2470.4236
FDB51,792.9039
FDI58,2226.6257
FDR20,627.37384
FDC51,1565.0441
FDB16,2175.024
FDE40,779.0039
NCM17,632.6339
FDU56,2692.9521
FDS32,272.3997
FDX02,3088.8245
FDT39,3444.5386
FDE35,776.6116
NCI42,494.43338
DRL23,1422.7504
FDA10,1694.1877
FDA11,1300.3666
NCM06,2102.8464
NCT05,3428.6384
NCQ02,421.27014
NCY06,1811.7697
FDY56,3099.9744
FDL02,1418.825
NCI06,2463.7788
FDQ14,2100.4363
FDQ12,3119.328
FDP36,650.5977
FDK21,5443.882
FDO40,2113.8884
NCK54,223.02806
FDY09,2223.8816
NCW30,3513.7993
NCC55,817.9641
FDE58,1434.3131
FDR39,2606.706
FDU28,2692.1392
FDH08,3110.7131
FDG35,2361.4885
FDG22,500.26907
FDC34,2281.1123
FDP15,3044.117
FDK34,481.48248
FDU45,1647.0847
FDQ04,859.1131
FDX22,2791.9924
FDB45,1351.9349
NCH43,4710.595
DRE60,3034.9192
FDD17,5197.2236
NCM54,1785.1279
NCH55,1791.7177
NCT06,2332.9773
FDA48,4669.4683
FDY58,4975.678
FDO25,2890.8652
FDN50,1299.061
FDH35,2319.5552
FDK09,3034.9192
FDO16,1191.5184
FDW11,917.978
FDU47,2799.9438
NCQ42,261.18823
FDK55,2189.0693
FDN08,1640.7057
FDT57,3370.8943
FDJ12,2783.2773
DRL59,680.61835
NCN53,484.6477
FDO51,94.21151
FDK56,2687.5417
FDY12,742.67896
FDU15,566.4676
FDQ19,3457.3313
DRF15,2109.8887
DRE25,177.29947
FDK57,1439.2611
FDD33,470.1022
FDR34,5346.2935
FDU04,1789.0525
FDE35,126.76377
NCD31,2342.9036
FDJ56,1423.0403
NCU53,2332.1719
FDD39,2934.6243
NCU17,198.62253
FDJ20,1695.3796
NCW41,2022.9625
FDL52,592.8282
FDS39,1825.8864
DRJ47,2459.1162
FDP13,73.28301
DRK39,182.34848
FDF28,270.29742
FDB09,1781.5391
FDM51,1425.4508
DRM49,579.63806
DRF23,2476.4363
DRH01,2464.2703
FDH12,2292.6829
FDA28,262.63672
FDW37,1064.9677
FDF02,1421.4102
DRL37,624.708
NCF43,1817.1594
FDH08,479.00415
FDR34,508.96136
NCK19,2685.5042
NCD55,453.8102
FDT27,3248.8738
FDQ57,2117.1987
FDA47,2327.4417
DRG15,1621.5428
FDE05,1878.5315
FDN46,1424.7389
FDX27,2214.075
FDT51,1594.4275
FDU33,613.65906
FDJ16,1429.3407
FDD20,227.55208
FDT36,488.1396
DRF15,3440.5876
FDN52,181.96664
FDC22,4374.0435
FDX15,2275.083
FDT13,2709.453
FDU04,1789.0525
FDU31,474.3707
FDW59,2175.024
NCO29,2341.9258
FDL15,2103.0923
FDI41,2101.8928
FDQ48,1425.9713
DRI39,777.2574
FDI08,3439.1375
FDC21,1592.9492
FDF58,858.7014
FDS08,337.5905
FDE47,1790.359
NCP18,295.94354
NCR41,1299.3933
FDA27,3442.748
FDA43,2698.2202
FDA49,1192.3007
NCE55,2211.2588
DRM49,983.3008
FDF22,4710.595
FDQ15,878.11975
NCS54,2478.8757
NCY05,561.2638
FDR45,3330.4792
FDK57,1780.1881
FDF41,514.5034
FDV21,1785.1279
FDD51,670.611
FDF33,1444.2673
FDA38,3443.5266
FDR56,2695.1985
NCN41,1783.7742
FDC60,2170.6558
FDB47,3019.0745
DRH01,2458.8289
FDW08,1423.0403
FDF38,853.15894
FDY32,2323.9534
FDG34,1443.6644
FDG47,480.68112
NCF18,2682.4558
FDL39,373.78445
NCH55,1791.7177
DRJ35,793.8141
FDS44,3294.8584
DRE01,2961.319
FDY39,2722.029
FDY32,2054.4473
FDR33,2502.1135
NCP50,1162.2802
FDZ47,1181.3528
FDU57,2108.4197
FDY44,2722.8225
DRH59,832.2206
FDB03,5171.997
FDY46,2687.856
FDM39,2456.6646
FDY36,1030.4321
NCM55,2687.5417
FDJ50,139.38985
DRL60,2117.1987
NCJ54,3237.1887
FDX59,477.28192
FDI07,2734.2668
DRF51,73.61949
FDM14,1442.6108
FDP21,2712.048
FDE40,916.1333
FDE05,2113.8884
FDM13,2786.936
FDC34,3686.6113
NCI55,1563.8713
NCE43,2080.8728
FDW58,1239.5233
FDG60,3192.432
FDV31,2458.8289
FDR47,2689.1191
FDM60,73.21242
NCF06,3060.47
NCN26,2472.4443
FDQ59,1203.9088
FDF09,568.3329
NCS06,3336.7505
FDT44,1638.7498
FDI19,3317.969
FDT22,805.3126
NCF54,4029.5789
DRG25,2709.453
FDB59,2708.3157
FDQ37,2592.0422
FDP56,662.97107
FDW44,2478.5269
FDJ26,466.00473
FDU43,2945.7092
FDW33,1423.0403
NCX53,2808.001
FDN56,299.60287
DRF15,2109.8887
FDO33,1638.7498
FDZ39,198.61044
NCJ19,778.0575
FDU01,2697.5613
FDT12,3088.6948
NCM18,716.0371
FDP19,1781.5391
NCR42,448.34885
FDN10,1642.0511
FDG44,779.5337
FDQ10,2483.3225
DRH13,1425.4508
FDT52,3387.373
FDM56,1587.8514
NCO43,200.73595
NCV29,2463.7788
NCF06,3373.1042
FDO50,1210.1033
FDT59,3406.2192
FDX40,827.9134
FDE50,2706.917
FDX51,2721.6343
NCD30,1229.2329
FDK15,1423.0403
FDL12,780.38947
FDK46,3351.4124
DRH49,175.52548
FDQ57,2117.1987
FDY59,1245.01
FDO09,3026.5547
NCG30,1776.1779
FDM09,2360.082
NCN17,2295.3137
NCS42,1209.3407
FDD02,222.32199
FDE34,2687.77
FDU38,2790.2788
FDB33,2289.295
NCJ29,1209.8647
FDZ27,668.1566
FDI40,1423.1068
FDG22,531.7221
FDT51,1594.4275
FDF20,2478.1663
FDV50,1778.1492
FDT02,558.7322
DRC49,2121.002
FDF26,2110.241
FDV52,1552.6925
FDX59,494.37527
FDV25,2964.7903
FDW23,859.1131
FDE53,1239.3276
FDA19,1811.7697
FDH22,1778.4342
NCO41,1319.7759
FDX12,3371.441
FDF17,2721.8237
FDS11,3090.1184
FDR51,2108.4197
FDT49,201.95746
FDC56,1705.5552
FDR13,2477.1794
FDQ60,1778.5021
FDN38,3431.3542
NCL29,2275.083
FDO13,3778.953
FDE26,1836.4146
FDA31,335.87314
FDX14,1025.6636
FDA34,2478.8757
FDF26,2110.241
FDE38,2355.8772
DRI11,1644.269
FDQ60,2463.3582
FDL21,741.74835
DRC12,4420.4214
FDC47,3034.9192
FDE57,1825.1243
FDT14,1781.6088
NCZ53,2709.453
FDE28,2916.4746
FDR19,2092.2654
NCF54,343.41882
FDZ08,1167.5367
NCJ05,1852.9363
FDF59,1781.5391
NCO05,1425.9073
FDW24,601.3234
NCX42,2093.3127
NCA53,664.71594
FDI45,343.41882
FDG46,1644.269
FDM20,487.06042
FDW11,142.62689
FDX08,2478.8757
NCK17,598.1989
FDK32,1861.3705
NCA42,2293.6348
DRI01,2483.3225
NCL55,3374.06
DRE25,1089.7084
FDD14,2585.764
FDB10,3237.1887
DRN11,2121.002
FDP38,601.3234
NCA30,2682.4558
FDT15,2702.6733
NCP55,685.94403
FDF12,2100.4363
FDM21,3072.4844
FDX56,3041.1968
FDF10,2126.623
FDT32,2692.1392
FDM51,1237.7258
NCR50,1858.9761
FDI19,3317.969
FDX21,1423.0403
FDR31,2127.1914
FDY02,3360.36
NCA29,2469.2288
NCX17,2920.5815
FDM12,2697.2434
FDI53,3682.3833
NCU30,2345.3076
FDC56,2785.7825
FDK27,1566.8395
NCK18,2373.0376
FDB52,496.61014
DRG25,4377.838
FDZ13,662.68176
FDB57,498.24722
FDR40,1171.6208
NCO14,95.93248
NCN19,2709.453
FDQ28,312.60855
FDO13,2052.0942
FDK48,1045.1742
FDU07,1852.7179
FDW20,1694.9558
FDV12,198.63185
FDH24,2165.222
FDV59,2940.529
FDK57,1705.5552
FDL16,1012.37006
NCQ17,2175.5437
FDJ15,2429.2576
FDX24,1242.8007
FDT47,1318.8126
FDT10,779.8989
FDZ37,1060.8103
FDW43,5202.208
DRN36,1304.1742
FDJ14,1047.0326
FDA32,2957.3157
FDJ38,417.30927
FDQ57,2107.0803
NCQ41,412.65884
FDG56,779.8989
DRC13,2804.0044
FDV55,2116.9897
FDQ49,2278.7642
FDE29,141.8014
FDR03,3053.0134
FDD45,1244.2278
FDN38,498.8265
FDT56,756.2753
FDT48,2807.9126
FDU03,2513.5874
FDC56,222.1123
NCO43,2299.9326
FDQ27,1445.2877
FDR03,3063.61
DRH23,140.98256
FDG22,589.5301
NCJ42,1421.1599
FDR24,1210.1033
FDW60,2493.7654
FDJ08,2687.5417
DRL59,611.68005
FDG60,466.7821
FDW27,2181.8923
FDX14,921.9796
FDC20,764.76135
NCS29,3090.8083
FDJ56,1423.0403
FDB20,158.27777
FDL28,5155.797
FDW01,1850.596
FDL03,2678.9177
FDX22,3063.61
FDJ21,2142.0815
FDR31,2108.983
FDG21,2108.4197
FDS22,872.67535
FDK08,1424.7389
FDE17,1849.9171
NCN30,1315.8756
FDT50,1286.2568
NCX42,2338.8208
FDJ12,3052.7747
NCA18,2463.2454
FDP23,464.3975
FDX12,3383.9236
FDN40,1847.3727
FDV48,1047.0326
NCY54,2464.2703
FDL16,98.43939
FDR45,3047.316
FDJ52,2291.0046
DRG01,1048.2351
FDP52,3283.2866
FDU58,2712.048
FDL02,1418.825
FDG28,3387.373
FDA19,1781.5391
FDW46,1623.4047
NCD43,1425.4508
DRG39,674.51013
NCF55,571.06366
FDJ07,1647.7726
FDE08,2103.0923
FDP56,97.16033
FDT45,717.64557
FDF17,2468.8801
FDX44,1209.8647
FDM28,4063.9233
FDI36,2701.2273
FDS07,1638.7498
FDD36,1645.8828
FDW11,794.31415
FDN40,2096.776
NCQ18,1317.5438
NCQ54,2373.0376
NCS42,1182.9956
DRH39,138.83939
FDC09,2298.238
FDT08,295.3469
FDC08,3100.7935
FDT20,551.51117
FDS35,916.1333
FDX58,2441.5642
FDW58,1346.695
DRD27,1421.5736
FDH32,195.19302
FDS26,3307.127
FDQ31,1207.7545
FDP11,2683.0815
FDD58,1423.0403
FDM33,2888.7617
FDZ16,2695.1985
NCS29,439.02817
NCM18,142.79169
FDP11,2942.8752
NCC42,1817.1594
DRM23,2459.5115
NCN55,5228.385
FDK46,3366.4597
FDR01,2753.846
NCA05,1996.4241
NCP43,2473.153
FDR12,340.35742
FDQ01,3346.1094
FDM13,1806.539
FDQ19,3457.3313
FDK56,408.50275
NCX06,423.43884
FDO56,2471.1472
FDU45,1622.8385
FDI16,137.5462
FDL32,1637.8993
FDA07,1791.7177
FDA14,2100.4363
FDV46,2808.001
NCO07,2958.5488
NCP41,1425.4508
FDY60,1606.171
FDN38,3345.6655
FDO15,1031.6156
FDT60,1778.1492
FDA55,3099.9744
FDE02,182.37558
DRJ39,2980.0093
FDV34,976.94714
FDS20,4352.9946
FDF02,2292.6829
FDW40,1816.2302
NCB43,2682.4558
FDR58,1213.9318
DRJ59,581.5636
NCD30,1421.1599
FDE14,1318.9612
FDC28,1234.7318
FDU16,1027.0476
NCD19,771.7966
FDU21,553.80536
FDV59,4720.0723
FDU03,2726.701
FDC33,467.3709
NCR42,461.09515
DRH59,1026.8397
NCM31,1813.9908
FDS50,3088.8245
FDP39,766.3993
FDQ55,1647.7726
FDV36,262.65457
FDI05,1868.4777
FDS45,2303.8506
FDA39,589.82806
FDC37,219.8813
FDJ60,3846.9277
DRQ35,1783.7742
NCJ06,1710.1371
NCY42,1877.4088
DRM37,2702.4697
FDR14,684.2807
FDE51,612.9546
FDT33,2372.0474
FDR08,1619.7643
FDE36,335.7925
FDL22,179.36061
FDR44,1812.131
FDI56,182.51616
FDE47,270.0812
FDV27,182.51616
FDV10,590.62476
FDC40,1044.9288
NCX41,3057.5603
NCQ38,2298.238
FDV12,2295.419
FDE52,1208.477
FDG20,4071.1829
FDV16,755.2725
FDI32,1638.7498
FDJ32,793.8141
FDN39,2082.441
FDY34,2373.0376
FDC14,602.82477
FDA55,3099.9744
FDZ50,409.00803
DRG13,2341.9258
FDP01,1990.2817
NCG54,2464.2703
FDM13,1808.2705
NCO18,4091.8215
NCW41,2186.2476
FDM52,3440.5876
NCF55,462.0078
FDT09,1822.8834
NCM19,1591.0503
FDW12,1859.2385
FDP15,483.9352
FDK36,663.95355
FDZ25,2476.721
NCW06,2710.3694
FDW60,2493.7654
DRC49,2121.002
NCT17,2702.5264
NCN06,2054.4473
FDC45,2459.5115
DRJ47,343.5144
NCF06,3334.3735
FDE21,227.38889
DRG27,608.09717
FDW40,1816.2302
NCO53,2687.5417
FDE23,630.166
FDQ16,1439.4286
FDS26,3307.127
FDZ13,95.476295
FDS14,2177.423
FDC10,1640.7057
FDY16,2697.5613
FDJ20,1696.6631
FDV43,605.7902
FDZ32,2298.238
FDR23,2456.0107
FDN24,765.5205
FDE34,4344.6235
FDU31,2961.384
FDW33,1236.148
FDU26,1642.1248
FDE20,3542.667
NCW05,1418.7585
FDB22,1856.4501
FDO56,1644.011
FDA19,2789.809
DRI39,778.63983
FDH52,712.5346
FDZ50,2726.3796
NCN42,2110.829
FDB53,2100.4363
DRG11,1435.8032
DRK11,3444.5386
FDQ60,1778.5021
FDT36,496.6638
DRG25,2426.9329
DRJ23,2697.412
FDG05,2278.4978
NCK06,1597.561
FDU52,2100.4363
FDW07,1063.3641
NCM17,633.662
FDA22,2353.844
NCA41,2448.9258
FDF38,601.1502
FDH52,801.3732
FDY58,470.5697
FDZ16,2695.1985
NCM18,805.3126
FDA22,2080.8728
NCJ43,2478.8757
FDI34,5065.841
FDG56,781.2861
FDS34,1637.6
DRC01,688.627
FDQ04,595.06024
FDK04,768.88684
FDT51,1594.4275
FDV26,2690.097
FDS04,1816.2302
FDW43,2849.7502
FDQ28,295.79178
NCK06,1813.2856
FDS23,1611.5052
FDZ36,417.30927
FDE56,694.6695
FDW10,4068.5935
NCN14,2682.4558
NCQ18,1406.557
FDW08,1425.9073
FDU43,3245.5684
FDR33,220.84882
FDM24,295.27512
NCZ05,1423.0403
NCV41,1623.5162
FDV11,2210.1282
NCY05,562.26263
FDV44,2421.6802
FDW32,1163.2585
NCU18,2790.1338
NCC43,3363.333
FDW19,1593.762
FDN31,2704.9265
FDI48,663.86005
FDS24,1143.2136
FDF46,1642.0511
DRG23,2102.8464
FDG14,1859.2385
NCY30,2474.1858
FDO28,1567.6755
DRD24,1825.1243
FDI33,1212.2836
FDN32,2709.453
FDR16,2894.1406
FDF26,2110.241
NCN29,591.2923
FDE20,2373.0376
FDA46,2704.9265
FDU28,2692.1392
FDQ48,1423.2216
FDV36,1779.7032
FDR14,681.2635
FDP23,2957.3157
FDP56,675.2846
FDK48,158.02513
FDR48,2100.4363
NCY29,778.14966
FDM22,645.62836
DRJ01,2319.9038
FDZ43,3345.34
FDV03,2102.8464
FDX11,4356.1265
NCA41,4409.455
FDE38,2355.8772
FDI27,594.54913
FDN32,2741.349
NCN43,1791.1066
FDB47,4846.163
FDV03,2175.5437
NCN30,1408.9397
NCV54,222.59818
FDV07,1443.6644
FDP07,2651.5203
FDK48,808.27545
FDM15,296.13193
FDY19,2475.4324
FDK46,3351.4124
FDY11,917.978
FDH09,689.51746
FDO08,3800.9375
FDU14,3461.486
FDD22,2467.479
FDM27,2281.1123
FDL02,2295.419
NCA17,1986.8834
FDE38,338.77182
NCG07,2692.9521
DRC27,3365.034
FDA27,3403.2114
FDW40,1816.2302
DRI11,1647.0847
FDN50,1299.061
FDR12,2475.6875
FDT34,2295.3137
FDW11,794.31415
NCO30,4377.838
FDZ34,2686.6768
FDU45,1644.269
NCD42,564.52216
FDX25,2508.8186
NCR29,768.22156
FDX43,339.84604
FDB04,182.34848
FDR49,1157.7826
FDS39,1608.0135
FDW58,1410.9777
FDG22,63.547928
FDG31,856.4464
NCV53,5249.808
DRJ37,2102.8464
FDV07,1593.762
FDW52,2067.967
FDT15,2702.6733
FDD02,1435.3888
FDM16,945.9874
NCE55,2458.8289
FDB57,2737.48
FDQ04,630.78625
FDQ47,67.48436
FDY14,482.7818
DRK37,2712.2356
FDO25,2890.8652
FDL57,3363.5032
NCK29,1583.5078
FDK46,5244.0176
NCB43,408.77094
DRE01,5090.4814
FDC46,2408.3074
FDQ23,1423.8159
FDX38,680.50525
FDG60,2935.386
FDW55,3367.8633
FDP39,683.85046
FDB20,924.8982
FDV21,1781.5391
FDZ02,1300.3666
FDP19,2777.28
FDA38,3384.9988
FDH22,1778.4342
DRM11,3382.052
FDO12,4382.505
FDT14,1706.9164
FDW34,481.10394
FDG04,3832.661
FDW59,1060.8103
FDR33,1254.0648
FDP32,1785.1279
FDL13,5155.797
FDD22,1635.9482
FDV40,1624.8064
NCD55,595.36273
FDQ20,75.13108
FDD28,768.88684
FDC39,2895.911
NCR17,1647.7726
DRO35,1441.4412
FDF40,3539.4883
FDR31,1874.1702
NCQ41,2702.4697
FDP38,675.7094
NCU54,4648.479
FDG22,382.98956
DRK59,3057.7148
FDC37,1423.2216
NCO42,1999.8644
NCT42,2113.5093
FDX27,1183.6163
FDV40,840.0676
FDT45,1385.8263
FDS47,181.96664
FDR45,3397.8525
FDB03,3283.6187
FDO49,762.6508
FDU60,3846.9277
FDB26,606.6707
FDB46,2899.1895
FDQ37,409.88345
FDN03,3623.1929
NCX30,3522.159
FDK32,296.13193
DRM47,2710.3694
NCO02,917.1839
FDP04,918.7592
NCO43,1435.4772
FDD59,1165.4646
FDQ10,2483.3225
FDW45,2107.0168
NCK30,3374.06
FDU31,2698.8318
NCQ17,311.48633
FDN01,2456.0107
FDZ19,2454.5442
DRG37,2190.3918
FDE32,446.40625
FDO34,2372.0474
FDM04,137.04147
FDZ25,2476.721
FDU08,1425.4508
NCW30,3513.7993
NCM18,803.8828
FDS22,600.65656
NCH18,3317.969
FDC23,2474.1858
FDY46,2687.856
NCU06,3249.1743
FDX57,1411.0732
FDX36,4886.4585
FDL16,670.611
FDT16,497.4028
FDN16,1236.2058
FDC03,2706.7812
DRF60,3321.7124
FDS27,4411.7524
FDP33,480.1357
FDJ36,1236.2058
NCR42,467.04428
FDV14,1194.6997
NCP42,2719.0286
FDB50,1868.4777
NCC30,4091.8215
FDA23,1237.2197
FDW16,1212.5393
FDQ52,476.55542
FDB58,2100.9795
NCP29,915.5558
NCM05,3355.3215
FDO25,2890.8652
NCM54,1785.1279
NCL54,2469.2288
FDL39,373.78445
FDF53,2110.3809
NCQ42,1700.2286
FDF58,857.17694
FDZ04,917.978
FDE26,270.81796
FDS60,2252.274
FDV58,2358.5469
FDM04,681.71515
FDE08,2074.357
NCB43,2682.4558
FDU11,224.17873
FDF22,457.12756
FDE24,1811.4291
DRJ49,1822.8834
NCQ53,3367.1084
NCL41,486.3969
FDR22,1591.4071
FDH04,1232.2495
DRH15,631.90796
FDY40,650.75183
NCI17,1318.7931
NCC18,2459.1162
FDY28,4665.2656
FDB45,2298.238
NCL30,1561.9854
FDM10,2775.5928
FDH22,2777.28
NCZ53,2709.453
NCI18,3144.7039
FDH14,2799.9438
FDR36,924.7238
FDW01,2100.4363
FDK02,2571.4878
FDJ02,1862.4515
FDU55,3467.018
NCV18,2173.1477
FDH14,1603.3999
FDZ37,1206.7947
FDX49,3215.039
NCD43,1425.4508
FDZ07,779.8989
FDK43,1792.4658
FDR32,2916.4746
FDT39,2113.5093
NCV54,1715.2999
FDF38,458.22418
FDV60,2652.8992
FDH44,3477.4321
FDS21,787.3081
NCL41,570.95074
FDM46,1243.9333
FDU27,650.64185
NCJ54,3237.1887
DRG51,2067.967
NCA29,333.0298
FDR47,2689.1191
NCL19,2808.001
DRG01,1035.3804
FDG10,778.6558
NCV05,2116.3152
NCH18,475.89368
FDV14,1054.148
DRJ23,2697.412
DRJ11,2687.5417
FDZ03,2697.2434
FDI27,94.1262
FDJ14,1031.0687
FDU32,1791.1066
FDD47,4032.136
DRF36,2709.453
FDM21,3346.0647
FDV10,541.1159
FDH60,2422.823
FDX47,311.6628
FDT19,356.02582
FDO11,3430.4902
FDH24,3701.0374
FDL02,1232.487
FDB02,2476.0334
FDA43,2697.0427
FDG52,660.8787
DRC12,2703.1982
FDY37,1606.171
NCU18,1813.5062
FDU09,756.2753
DRJ25,1182.7247
DRE12,1462.2711
DRL47,1783.074
DRK01,1301.5518
FDC22,416.4381
FDG44,765.0393
FDW04,1813.2156
FDK09,3034.9192
NCN43,1791.1066
FDG04,2709.453
FDH32,182.96895
DRI47,2135.4812
DRE15,1035.1111
FDY11,918.3615
FDO60,602.26184
FDQ20,456.16324
FDO57,3783.2957
FDT14,222.31049
FDA57,584.9555
DRN35,592.22394
FDJ03,663.86005
FDX28,1418.9313
DRE25,1211.4906
FDR09,3287.6746
FDB23,3111.556
FDO08,2334.8032
FDQ23,1423.8159
FDW04,1813.2156
DRK13,448.03098
NCL17,2790.1338
FDY21,2685.5042
FDJ38,4368.702
FDA37,270.29742
FDV43,632.53723
FDL36,1228.6898
FDD53,597.51245
FDZ19,335.1934
FDV21,1781.5391
NCL54,2216.1504
DRI47,3477.4321
DRG03,2173.0503
FDG21,2108.4197
FDW03,1254.9305
NCI55,1787.7137
DRC36,349.75696
FDH22,1778.4342
FDV20,1779.6335
NCU41,4395.328
FDN46,2298.0527
FDK50,2340.217
NCA05,3444.5386
DRH01,2211.6956
FDT08,1856.4501
FDM08,2835.8809
FDZ07,781.2861
FDS22,658.90344
FDV35,3672.6553
FDI28,158.60933
FDW58,2015.8555
FDT52,3348.4788
FDY34,2342.9036
FDR10,2293.6348
FDK57,1780.1881
FDR02,2313.7908
FDX49,3215.039
FDQ20,602.2366
DRK23,3405.3938
NCW06,2692.9521
FDR31,2080.1692
NCE43,2353.844
DRO59,1874.3875
FDN09,3329.0913
FDR11,2278.4978
FDO57,2196.2012
NCX18,2719.0286
FDB05,3180.6948
FDQ08,719.45715
NCG43,1240.1908
FDJ56,1423.0403
FDA13,74.84708
FDO56,1644.011
FDB37,3061.9329
FDZ02,1141.177
FDQ24,3405.3938
FDM16,944.30817
FDU35,1418.9313
FDT35,2352.9177
NCX30,3346.0264
FDG04,2709.453
FDI12,1206.0491
FDE35,802.29395
NCP14,2295.3137
NCY53,1583.0742
FDP49,755.4074
FDQ04,602.68945
FDM39,2456.6646
FDO58,321.01974
FDC56,1705.5552
NCQ54,2373.0376
FDV10,854.2316
NCK17,598.1989
NCF55,813.74884
FDV33,3405.251
NCH29,188.07164
FDA37,2790.3066
FDH46,1240.797
FDS25,1587.9257
FDH04,2198.415
FDX52,2707.0164
NCD42,552.9637
FDW47,1781.7278
FDL25,2214.075
NCJ06,222.02945
FDY09,2462.1035
FDS40,562.3931
FDH41,2888.7617
FDG38,1208.477
FDU03,4122.274
FDV20,1779.6335
DRB13,2707.3225
NCQ30,1716.0161
NCH06,3131.0747
FDU50,1432.448
NCO42,272.33084
FDW09,921.9448
FDH04,1211.4554
FDC21,1427.6094
FDL21,604.03296
FDM46,192.8487
FDT22,133.33699
FDB28,2688.2751
FDI12,1064.1603
FDA28,1786.5491
FDF59,1781.5391
FDM45,2791.2014
FDQ56,1167.5367
FDR46,2102.7202
FDT01,2899.1895
FDD16,1848.5752
NCU30,317.3528
FDM40,292.133
FDI56,1243.9333
NCS30,1778.4342
FDU08,1425.4508
FDX51,4411.7524
FDA43,2697.0427
FDX59,62.38608
FDC37,1236.3073
FDP58,2888.7617
NCY42,1822.7025
FDF21,2417.0015
FDU10,856.875
DRL47,1563.1499
FDA58,2940.8628
FDJ22,2705.2427
FDK50,2291.0046
FDO38,1044.9288
DRF60,3295.6978
NCZ42,485.77142
FDD35,1647.7726
FDL25,1242.5088
FDJ16,777.2574
DRK59,3044.3318
FDI50,3278.1228
NCB19,1207.4319
DRI37,805.3126
FDA14,3418.7
FDC08,2779.9734
FDS45,1443.1031
FDI21,921.70416
DRJ47,2459.1162
DRE37,4344.2627
FDT55,2020.6342
NCG42,2805.3608
FDA31,2459.5115
NCW42,2976.4036
FDF50,2704.7344
FDK56,2687.5417
FDX10,557.2507
NCK07,3790.9001
FDZ49,2934.2437
FDR33,1444.2673
FDO44,1382.1082
FDA20,2687.5417
NCL30,1781.7456
FDI05,157.44246
FDQ12,2849.927
FDH47,1304.1742
FDH34,2426.9329
FDF29,1820.793
FDG40,378.47562
NCE18,3522.159
FDP21,408.85477
FDY50,1205.8489
FDB36,1839.3651
NCZ29,1781.5391
FDU20,1438.7103
FDO56,1644.011
FDW31,2706.6626
DRH59,1025.0171
NCB30,2713.4495
FDK43,2793.138
FDW43,3276.153
NCL19,1825.8864
FDJ27,1424.7389
FDC45,2353.844
FDY40,663.86005
NCM41,1232.577
NCK18,353.90445
FDP37,1809.6946
FDA27,5367.77
NCX30,3346.0264
FDR09,3287.6746
FDG08,4072.3093
NCU30,2358.6975
FDB16,1208.477
FDM16,945.9874
FDC48,1176.9403
NCF18,2682.4558
FDU46,1069.8905
FDH41,2633.736
NCN42,309.20612
FDU49,1206.1873
FDB20,1874.3875
FDG50,182.89816
FDW20,1700.6383
NCO55,1438.3102
FDX48,2109.8887
FDU48,1808.0005
FDR48,294.3912
FDK27,1791.1066
FDT35,2323.039
FDN12,1436.6626
NCE31,75.84737
FDL21,592.7203
FDV56,1428.9342
FDR16,2894.1406
NCP41,1444.2673
FDJ27,1424.7389
FDA07,1790.359
FDK55,1206.1228
FDM33,2910.6125
FDY46,2687.856
FDD36,1645.8828
FDB12,2295.419
FDF28,270.29742
NCE07,282.1394
FDW50,3778.953
NCW18,3237.1887
NCJ17,193.07233
DRZ24,222.59818
FDS07,1642.0511
NCW05,219.1124
FDZ22,1032.2521
FDK02,1640.1671
FDZ45,4382.505
FDL25,1210.1033
FDS08,2454.5442
NCZ42,5341.181
FDX57,1304.1742
FDF21,2697.2434
FDJ56,1231.3729
FDX10,556.2608
DRG48,2131.7578
DRN37,2353.844
NCY41,398.50424
FDN28,1420.7395
FDE34,2511.6973
FDR10,2342.9036
FDC32,1241.5789
DRG13,2341.9258
FDP59,1352.7131
NCT53,335.28766
FDL57,5262.9346
FDN32,426.62314
FDK09,2772.8008
FDA52,348.62582
FDC57,2709.5562
FDI09,3209.6304
NCB07,2643.3545
FDP26,1421.4102
FDP40,2485.4414
FDL15,2103.0923
FDV07,1591.0503
FDS03,917.1839
FDE50,2706.917
FDQ15,986.0927
FDQ33,295.3469
FDT22,778.14966
DRO35,1647.0847
FDJ41,3417.7446
FDQ27,1445.2877
FDC26,1612.7751
NCF43,2795.7478
NCR50,2110.829
FDE39,1499.4258
FDN49,853.251
DRG11,1420.5598
NCA18,1638.7498
FDM36,2210.7397
FDW32,1205.1464
NCQ18,197.86191
FDX14,1846.9778
FDD46,2099.1821
FDI34,479.2308
NCJ17,1207.4319
FDB52,3421.741
FDV55,1835.0404
FDC57,2709.5562
FDB29,1642.1248
NCO43,1435.4772
FDG44,766.3993
FDJ34,1785.0052
FDH40,1164.1299
NCD07,2475.7087
FDB41,634.084
FDH47,1140.189
DRK37,2712.2356
FDM25,349.35547
NCX06,2741.349
NCS05,1825.8864
FDS39,1825.8864
FDC47,4868.8853
FDG20,2465.345
DRL23,1422.7504
FDY33,2281.1123
NCH18,3317.969
FDX47,2186.9673
NCB06,2275.083
FDP36,664.01733
FDW44,2224.497
NCU41,2436.4612
NCS17,1299.0883
FDD46,2171.7527
FDE45,2468.3762
FDI09,3209.6304
NCJ54,470.1022
NCA29,2228.801
NCN41,2791.3877
FDY34,2342.9036
NCG55,1644.0894
DRM49,614.7503
NCB42,1647.7726
FDE58,1638.9398
DRJ25,683.85046
FDS47,181.96664
FDY21,2688.2751
NCI54,1593.762
FDO24,2272.4753
FDY43,2353.844
FDF35,1236.148
NCP29,144.7948
FDN28,2295.6028
FDJ50,610.9784
FDQ14,3418.7
FDC37,1426.6995
FDN08,1640.7057
FDD04,1815.0747
FDW34,3047.316
FDP04,920.39307
NCG07,2692.9521
NCN14,2403.752
FDJ16,778.63983
NCM42,1441.7487
NCF19,676.4852
FDY21,2418.682
FDY19,1641.9047
FDV09,2117.1987
FDA28,1786.5491
FDC38,1595.9459
FDL28,3248.8738
NCH43,2934.6243
NCN53,465.2491
NCW05,1418.7585
NCO30,2422.3389
FDT04,74.84708
FDB27,2429.0698
NCK07,2358.5828
NCA53,661.7943
FDB33,2022.9625
FDU37,1044.9288
FDR13,1645.8828
FDE45,2468.3762
FDV37,2695.1985
FDX44,182.51616
NCL06,3386.5525
FDJ28,2709.453
FDX55,2934.6243
NCK17,456.16324
FDH52,801.3732
FDN13,2292.6829
FDK44,2207.4246
FDU16,1163.9911
FDZ07,781.2861
NCN06,3783.2957
FDH02,182.89816
NCW18,3240.2195
FDH57,1822.1226
FDV35,2096.463
NCU29,2135.4812
NCP02,769.76953
FDN44,2293.6348
FDX03,547.06616
FDR11,320.83157
FDA36,2704.7317
FDP58,4637.0044
FDH31,1300.1147
FDH34,2708.3223
FDS13,3292.772
FDT01,2690.6204
FDY09,2478.8757
FDV33,5302.2373
NCW29,270.62698
NCN17,1425.9073
FDX01,1645.8828
FDL03,2707.0938
DRL59,774.09644
DRM11,5308.831
FDA43,2697.0427
FDZ56,340.2601
FDI44,923.03784
FDB50,1043.0741
FDU15,69.47726
NCJ19,140.99292
FDD48,1645.1958
NCW42,2959.2942
FDL24,2459.2827
NCB30,2713.4495
FDK25,2357.377
FDW28,2680.421
FDD47,2470.8008
FDK16,182.37558
FDW37,1226.3629
FDA48,2910.6125
FDA14,2071.739
FDV15,1423.0403
FDN22,3290.7998
NCD55,595.36273
FDY43,2353.844
NCU05,1046.127
FDF10,2108.4197
FDR39,2357.4817
FDG40,473.25113
FDZ28,270.29742
FDE02,1242.5088
FDU60,2352.9177
FDM21,3361.088
FDV52,222.12273
NCW06,2710.3694
FDX36,3045.8745
FDT35,3846.9277
NCL19,271.67737
NCD31,2342.9036
FDE53,220.32579
FDW58,199.11992
DRF48,2688.2598
FDW57,2465.345
DRH13,1425.4508
FDT33,2372.0474
DRK47,4955.3354
FDY22,293.2466
FDC35,457.3041
FDO03,3140.0273
FDF24,1165.3022
FDF56,2212.6624
FDD28,767.52167
FDG53,2792.5437
FDO27,209.59723
NCF54,2211.9583
FDC20,1367.9579
FDU10,589.5301
DRA24,2059.9717
FDA02,274.78452
FDG10,778.6558
FDW39,342.6678
FDP04,157.46603
NCM55,2687.5417
FDG47,3351.4124
NCU41,2705.2427
NCK31,669.86523
FDZ46,1438.3102
FDU13,3418.7
NCF19,676.4852
NCJ43,2484.3591
NCJ05,2103.0923
FDS04,2794.3213
FDX28,198.44708
FDB41,982.17267
FDG53,1815.0747
FDL15,294.9234
FDQ08,808.0586
DRN36,1301.8599
FDI46,3378.9238
FDG16,4637.0044
FDV32,865.7689
FDF44,271.85034
FDK04,683.6431
NCA41,2725.8398
FDD51,625.17596
NCZ53,2709.453
FDP01,3427.7556
FDY25,2513.867
FDB17,2221.3337
NCV54,1501.146
FDJ32,917.1839
FDA37,1782.9608
FDG35,2366.7146
NCM05,3080.9875
FDG45,2940.529
FDH28,572.4087
NCE18,3485.3762
FDH38,1643.0127
FDR56,2697.9795
FDH17,2247.6028
FDD39,2934.6243
FDB41,632.9585
NCR53,3034.9192
FDX46,756.2753
FDV28,552.95044
FDA08,2064.0413
FDH45,581.4469
NCS38,222.57793
FDD40,436.97504
DRM59,2113.5093
NCJ43,2211.2588
NCN29,675.2846
NCC19,2704.9265
FDR56,2695.1985
FDZ43,3345.34
FDJ32,142.79169
DRH03,1231.1632
NCZ54,2323.9534
FDE26,2118.575
FDS03,917.1839
DRZ24,222.59818
FDO48,4790.2354
FDW39,2477.8413
NCK05,845.176
NCK30,3374.06
FDT27,2968.274
FDS08,343.41882
NCJ19,776.6761
FDC58,624.708
DRE37,2687.5417
FDW02,1811.8258
FDJ02,296.7503
FDX09,2458.8289
FDT31,426.01187
FDI24,2456.0107
FDY09,2463.7788
FDV28,487.92322
DRM47,2710.3694
FDT52,486.82495
FDI48,627.9953
FDY55,3333.6326
FDU48,1806.2693
FDN25,755.4074
FDP20,1779.7524
FDJ15,2712.048
FDD04,1595.9459
FDY58,3256.2646
FDR37,2443.1138
FDF44,1815.2947
FDD32,1169.8893
FDR57,2186.575
DRG39,1387.0231
FDX15,2275.083
DRN37,2323.9534
FDW40,2799.9438
FDB32,1175.9202
FDM40,1595.9459
FDE39,2798.479
DRH49,1150.3065
FDT46,675.2846
NCF06,3334.3735
FDP07,2680.421
FDC04,3375.1965
FDZ32,1424.8558
FDD50,2346.6987
FDU56,2692.9521
FDV34,921.4503
NCY41,569.5335
NCK18,2342.9036
DRH25,741.5143
FDT57,3482.93
FDV56,1240.7496
FDV12,1300.0614
FDN52,1206.0491
FDX38,668.0966
FDE47,1566.8395
NCO07,3060.6772
FDV09,3444.5386
FDZ23,417.30927
DRH51,1064.1603
NCY54,2464.2703
DRG49,3296.8894
NCC19,2704.9265
NCV53,3465.041
FDZ47,199.03358
NCO26,1434.1455
NCP02,795.22595
NCW30,3248.1548
NCN55,3314.8655
FDB20,158.20744
DRL11,2279.6633
DRD60,2740.205
FDW14,182.71744
FDL27,159.55142
FDU09,672.428
DRH36,1850.6975
FDP34,3540.927
FDE04,2471.3489
FDZ57,2805.7383
FDF02,198.39401
FDG28,3348.4788
NCI31,474.14362
FDT43,672.0832
FDU20,1787.7137
FDD53,622.8835
FDW15,2108.4197
NCT53,2345.3076
NCG55,2475.5127
FDD48,1645.1958
FDG47,3324.9238
FDI21,923.3432
FDT27,3248.8738
DRO35,1647.0847
FDD33,3240.2195
FDC04,3336.4355
FDY34,2342.9036
DRJ49,1792.4658
FDE05,2097.6943
FDU31,2961.384
NCN19,4377.838
FDK56,4344.2627
FDK58,1427.6094
NCJ42,1421.1599
FDZ34,4386.5034
FDA52,2214.58
NCR29,766.8576
FDT48,3063.8147
DRJ51,470.1022
NCS54,2478.8757
FDV01,2102.019
DRG51,3808.1562
NCG42,1818.423
FDA51,1638.8264
FDV19,321.87277
NCT18,2719.1738
NCS41,2692.9521
FDO03,3122.32
FDL12,138.34709
FDY37,272.41818
FDI58,1227.9154
FDT28,1850.596
NCC42,271.12946
FDO01,1713.6051
FDJ02,2085.8782
FDQ04,478.741
DRL47,1786.3232
FDZ32,1428.3378
FDC35,2895.911
FDX14,916.1333
FDZ35,1423.8159
FDL14,2186.9673
FDO04,765.39
DRK11,2117.1987
FDB44,2789.3193
FDZ50,2697.2434
FDI12,2189.154
FDU43,3245.5684
FDD58,198.27692
FDB27,2697.0427
FDB04,1064.1603
NCO17,1642.0511
FDL12,755.4074
DRJ13,2275.083
FDD57,1295.5366
FDW19,1593.762
DRD27,1233.9661
FDH27,3451.3403
NCW30,5480.6445
FDR40,925.8824
FDG05,2278.4978
NCY41,69.67824
FDI38,2791.9924
FDR20,595.24475
FDE09,1444.2673
FDN50,183.12805
DRF27,2114.771
DRF51,533.4497
NCO02,157.95515
FDB51,1411.445
FDJ50,751.0148
FDN52,1203.9088
FDX14,1043.0741
FDT27,479.2308
FDV10,590.62476
FDU33,614.7503
FDU58,2712.048
NCP42,4407.5293
FDL51,4737.1035
DRH15,1012.37006
FDU16,1203.7651
FDW15,2108.4197
FDQ44,1699.9285
NCI06,4068.5935
DRK23,486.6338
FDC28,1436.6626
NCY17,76.98391
NCV05,1864.588
FDM34,271.12946
DRD60,4429.3657
FDT38,1203.7651
FDQ57,1880.6864
FDE59,828.30756
NCM43,2342.9036
DRI51,2461.636
NCG30,1776.1779
NCK54,1647.7726
FDQ16,219.8813
FDI36,2701.2273
FDX16,3418.7
FDA34,2478.8757
FDJ48,3044.8315
FDU47,1816.2302
FDS39,1825.8864
FDD11,3385.37
FDM16,1701.609
FDU56,2441.5642
FDQ32,1783.8585
DRK35,594.6858
FDA58,3180.701
DRG48,282.1394
FDT59,500.5919
FDQ31,182.51616
FDS51,809.20325
FDW32,2173.1477
FDI15,3755.1926
NCV30,841.09454
DRG25,2709.453
FDT02,464.29565
FDO33,2467.479
FDP38,675.7094
FDZ45,2691.5088
NCA54,4091.8215
FDU33,644.70154
FDN58,3248.8738
FDI05,1025.6636
FDM57,179.4024
NCS42,2191.6672
FDB57,2984.1116
FDC03,2706.7812
FDZ58,1780.3945
NCK29,1793.4974
NCR53,3034.9192
FDE26,3451.3403
FDU52,2100.4363
FDE41,2111.547
FDU38,2408.3074
FDA52,2462.5193
FDW46,917.1839
DRI59,3092.7905
FDT38,1203.7651
FDL33,2418.682
FDQ01,5221.1733
FDJ08,2687.5417
FDQ47,555.91516
NCZ18,3320.9172
FDE29,804.3892
FDF10,3431.6914
FDC48,1176.9403
FDY58,3270.8975
NCX30,483.8071
FDV11,2462.5193
FDT46,676.4852
DRD01,121.298134
FDQ11,3427.6968
NCM41,1232.577
NCC55,561.2638
FDG45,4637.0044
NCQ54,2358.5828
FDM34,1808.3405
FDD17,475.30643
FDN38,5235.0366
FDB53,1854.3239
NCL06,3386.5525
NCV18,182.55869
FDX25,2724.6504
FDB39,768.88684
FDC33,2701.2273
NCO14,556.83295
FDA58,5011.7363
NCQ02,2709.453
NCR53,3034.9192
FDN52,1206.0491
FDG26,3387.4182
FDE23,1154.768
DRI37,778.14966
DRH37,2065.905
FDO01,1693.9978
FDK45,1644.269
FDP23,2957.3157
FDM33,2896.8835
FDD36,1714.0482
FDL56,1207.4319
FDT27,479.2308
FDG52,617.3861
NCL42,3331.0068
DRJ24,2687.5417
FDV38,729.17426
FDT35,2352.9177
FDY51,2896.8835
FDC37,1423.2216
NCP43,2526.3296
FDO33,1614.6246
FDW04,1596.2476
NCC31,2117.1987
FDK22,2958.5488
FDJ50,774.5834
FDV13,1213.0458
DRL60,2117.1987
FDW03,1435.0183
FDY27,2470.6875
FDB39,1387.0231
FDU59,2317.2449
FDZ57,1818.9514
FDO21,3114.7249
FDS43,2413.1582
FDU28,416.7115
FDC51,227.29013
FDW16,182.75827
FDP32,270.0812
FDB60,412.4782
NCQ30,1716.0161
FDD26,2697.2434
FDI44,1046.127
DRH23,779.5337
FDO44,1587.8514
FDG04,2709.453
FDM32,2184.769
FDM09,2360.082
FDZ47,1352.7131
FDM40,2786.936
FDY48,1423.8159
NCM30,593.43304
FDX36,470.3386
DRF03,565.8234
FDN51,3407.4866
FDM57,1165.4646
FDB35,1241.7258
FDY13,1872.238
FDA37,1782.9608
NCX53,1820.3892
FDD59,1030.1759
FDX10,67.82699
FDC03,2437.8389
FDW43,3111.556
FDW10,2237.3906
FDY14,5308.831
FDV43,671.381
FDO40,2113.8884
FDP46,2191.6672
NCE43,339.1612
FDD05,1710.8014
FDJ60,339.18503
DRE27,1138.8821
FDO11,3430.4902
DRG11,2295.3137
FDK33,477.64194
DRM23,2306.7517
FDJ02,3473.4436
NCZ05,1423.0403
NCL30,1781.7456
FDZ19,2202.9683
FDM45,1783.6516
FDO36,2456.2976
NCK31,676.768
DRJ37,2102.8464
FDP24,1431.8767
FDF46,1638.7498
FDX46,129.33401
NCL18,2681.5923
FDJ26,2899.1895
FDJ07,1647.7726
FDY15,2102.019
DRG01,1028.909
FDF58,921.4503
FDZ14,222.77652
FDP31,831.765
FDH45,586.6643
FDA09,349.0265
FDW31,2734.2668
FDA57,570.1604
NCE55,2458.8289
FDC17,483.9782
FDC59,915.5558
FDA22,2353.844
FDK52,3031.8315
NCM26,2010.2671
NCT53,2375.473
FDW45,1856.3943
NCI18,3108.5771
FDE38,2056.2278
FDF08,182.51616
FDY58,478.4652
FDF58,137.10388
FDX39,3053.0134
FDB44,3060.6772
FDF28,1789.663
FDE39,1645.1958
FDT37,3146.9937
FDZ45,2718.9585
FDO40,2113.8884
FDM57,2173.1477
DRG36,2464.2703
FDY36,159.64722
DRL60,3444.5386
FDS25,219.68422
DRF49,2475.7087
FDP16,3349.5393
FDS60,2283.3071
FDU15,854.1378
FDK43,1792.4658
FDN25,755.4074
FDE53,1423.8159
FDB22,2175.5437
FDE39,1713.3328
FDX35,3067.69
NCG54,2353.844
FDH27,2118.575
NCK42,2958.5488
FDS25,1438.3774
FDI10,2217.557
FDU35,1418.9313
FDI04,2738.8801
DRK23,3405.3938
FDB53,294.3912
FDY02,3345.6655
FDM60,602.82477
NCJ31,511.0608
DRP35,1778.167
NCQ30,1566.8395
DRL11,321.01974
FDU01,2706.917
FDR39,2393.0498
FDO08,2334.8032
FDC02,3340.0498
NCZ29,1781.5391
FDF29,280.9733
FDZ23,2692.1392
NCU53,2076.4263
NCW30,3554.62
NCM26,3444.5386
FDV50,2782.5896
FDW15,2079.6135
FDI35,4419.8735
FDO11,3543.6675
FDN48,1228.6898
NCA17,1986.8834
NCN54,978.02026
FDP22,663.4433
NCB54,1785.1279
FDD08,563.60925
DRM48,67.40773
FDG41,2492.9565
FDE44,1159.1122
FDE26,2084.3452
NCS38,1639.244
NCJ54,2960.3699
FDI40,198.21611
FDN45,2769.977
FDU43,3341.9368
FDI04,416.98645
NCC07,1235.3807
NCC07,199.61607
NCD18,3249.1743
FDU55,3427.2095
FDX59,495.25476
FDR52,2697.2434
NCP17,916.045
FDQ32,1783.8585
NCT17,2702.5264
FDO10,756.453
FDE32,475.22037
FDN44,2293.6348
FDH02,1206.7947
FDK60,1423.1068
FDS24,182.34848
FDL03,461.18417
FDB46,4653.7495
FDO48,3114.7249
FDZ39,1421.1599
FDT02,766.6145
FDC50,1297.7543
FDP39,685.0664
DRG15,715.2153
FDP10,1233.8076
FDF53,4407.025
FDN34,2317.519
FDK02,1778.1492
FDC23,2474.1858
FDJ10,271.2821
FDE53,1427.2953
FDR25,3310.4316
FDW50,2321.2898
FDS09,663.4433
FDW49,342.53293
FDU51,2460.6792
FDF28,1568.9275
NCY30,2219.6716
FDD44,3345.6655
FDX09,2458.8289
NCF30,1781.5391
FDZ50,417.30927
FDW37,1208.0941
FDD11,3385.37
DRH39,825.1386
FDA36,2704.7317
NCG43,1224.2211
FDF02,1421.4102
FDP57,2299.9326
NCE42,3091.7373
NCR38,5187.333
FDP03,262.93884
FDO51,607.592
NCQ42,1700.2286
NCM41,1213.9318
FDH48,2170.6558
DRF60,3240.2195
FDJ27,1424.7389
FDQ14,2100.4363
FDN27,1550.8414
NCQ02,2709.453
FDJ33,1785.0052
FDP07,4355.0093
DRE01,3235.148
FDU36,1421.7874
FDL28,3248.8738
NCX53,1820.3892
FDZ39,1421.1599
NCP42,2719.0286
FDJ14,1168.5474
FDK04,767.52167
NCC19,2685.5042
FDS09,591.4562
FDZ02,1423.2216
FDD35,1566.8395
NCY42,2097.3162
FDB05,3291.7544
FDF20,2717.8953
NCO41,1152.0365
FDC40,1868.4777
FDV58,2358.5469
FDZ57,1822.1226
DRM35,2458.8289
DRN36,1091.9043
FDQ13,1171.6208
DRO35,222.57793
NCD43,1425.9073
FDA51,1434.2125
NCX17,5047.6226
NCZ17,590.69867
FDR11,3682.3833
FDW34,3329.0913
FDN50,1245.53
FDS09,664.6229
FDS48,1862.4515
FDL44,2338.4707
DRF48,2426.1365
FDA14,1854.3239
NCD30,1298.4828
FDI16,657.08875
NCG06,3409.6685
DRZ24,1780.1881
NCS17,1299.0883
FDB37,3371.441
FDE10,1815.2947
FDC57,2709.5562
FDM12,2417.0015
FDE24,1811.4291
FDW22,2968.4722
DRD01,1219.6771
NCZ18,5173.5957
FDN49,587.03375
FDR22,1641.8396
FDV08,95.90817
FDY39,2722.029
FDV36,1787.0188
FDO60,639.2494
FDU04,2561.191
FDR20,1154.768
FDW19,220.39821
FDU40,2441.839
FDK15,1303.7903
DRF15,2109.8887
FDQ25,2459.2827
FDI48,136.76437
FDS49,1044.9288
FDV22,2293.6348
NCV42,1441.1469
FDX26,2687.5417
FDI33,1070.364
FDZ14,1785.1943
FDG10,777.2733
FDM38,590.7777
FDG26,5308.831
FDH46,1428.3916
FDN13,1232.3953
FDU57,2108.4197
NCI06,2463.7788
FDM38,742.67896
NCG42,269.6941
FDL39,2462.5193
FDT31,426.62314
FDV59,2940.529
FDB49,1423.2216
FDD58,1423.0403
DRN59,661.6376
FDX48,2109.8887
FDQ11,3388.3394
FDY12,741.36096
FDQ11,3388.3394
DRI11,1647.0847
FDY32,3783.2957
FDS51,795.22595
FDR19,293.2466
DRB13,2425.0222
FDS21,847.91974
FDQ40,2475.0002
NCE55,2458.8289
FDX43,3783.2957
FDS12,1779.4985
DRK01,2226.6257
FDN25,755.4074
FDB60,2719.0286
FDQ13,1171.6208
DRK13,2685.5042
DRF25,389.415
NCD42,74.32368
FDW25,1223.4454
NCV29,4091.8215
NCK42,2958.5488
DRJ13,3676.8757
DRD15,3237.1887
FDM27,2181.3093
FDZ50,2417.0015
FDC04,3336.4355
FDF50,2721.8237
FDP15,3315.1816
FDK46,3351.4124
FDZ56,2096.969
FDY60,2094.075
FDB10,3237.1887
FDR57,2186.575
FDU58,2712.048
FDH02,1206.7947
FDP48,2731.8706
FDI46,3363.8208
FDW56,2704.9265
NCM19,223.02806
FDS50,4752.3784
FDK24,631.8117
FDO36,2504.073
FDK45,2480.023
NCL05,609.17883
FDL32,1435.8573
FDA28,1786.5491
FDY36,834.7856
FDP32,1561.8027
FDL50,1785.1943
DRC24,2113.1926
NCS18,1425.9073
FDD16,933.7504
NCV18,1205.2891
FDX07,2706.917
NCZ05,2295.3137
NCI31,539.44415
FDK14,1166.4735
NCR06,626.3523
NCF54,2464.556
DRG23,295.3469
FDD53,623.99115
NCM31,2790.1338
FDT16,3405.0723
FDR40,1049.7867
DRG25,2709.453
FDT10,781.2861
FDY32,2323.9534
FDN50,1241.5527
FDZ35,199.04904
NCP54,1790.359
NCD07,1614.6246
FDS02,2442.749
DRN59,588.79785
DRB24,2190.3918
FDP37,2784.8896
DRB01,2408.3074
FDR47,2680.421
NCM31,270.6555
NCF06,5240.9375
NCV17,2805.7383
FDS10,2473.153
FDN52,1206.0491
FDZ48,1630.9813
FDJ48,3504.774
DRB13,4368.702
FDV59,2940.529
FDL32,1589.7466
FDZ12,1811.4291
NCR06,787.2656
FDP51,1708.8737
FDY22,1818.3129
FDZ38,2476.721
NCO54,770.3339
FDR23,2456.0107
FDM38,763.2708
FDS25,1614.7001
FDZ22,1167.8131
FDZ20,496.61014
FDD45,182.58582
FDN03,3623.1929
NCW30,3513.7993
FDY24,1349.4
FDJ26,466.00473
FDM15,2112.6646
NCW54,1385.1982
FDA23,1424.2712
FDA39,74.621445
FDZ12,2084.3452
NCB42,1647.7726
FDL16,670.611
FDO24,321.29843
NCP42,2726.9778
FDR19,1857.6284
DRL01,3188.9255
FDV37,2697.9795
FDI41,295.36768
FDF58,857.17694
NCF43,1600.9949
FDN02,3030.2527
NCP41,1428.9342
NCY17,1013.53284
FDL58,3635.9448
NCA30,4344.2627
FDE46,1861.0579
FDY38,3192.1763
NCH29,2231.1064
FDO20,3336.7983
FDP44,1237.6237
FDM02,2189.154
FDJ14,1872.238
FDH04,184.1466
DRK23,3405.3938
NCW05,1418.7585
FDF12,2100.4363
FDL51,466.00473
FDN03,3325.571
DRJ37,2102.8464
FDM12,417.30927
FDA16,2973.5657
NCB07,2680.421
NCI17,185.67616
FDR51,2108.4197
FDJ55,3114.7249
NCZ17,590.69867
FDU25,793.23517
NCG18,1425.4508
DRM11,3382.052
FDH16,1231.1632
FDZ04,706.25507
NCX53,1811.6875
FDX38,1125.5134
FDX09,2458.8289
NCW05,1232.4282
NCS41,2692.9521
FDI26,2470.6875
NCZ41,2788.085
NCK06,1813.2856
FDX23,2228.548
NCA42,2293.6348
FDC20,774.09644
DRC49,1838.5203
FDX01,1645.8828
FDC08,3042.7727
FDC02,3340.0498
FDK10,2465.8083
DRC24,2113.1926
FDW16,182.75827
NCU06,2781.3901
DRA59,2697.2434
FDR24,182.306
DRL35,550.7766
FDA49,1190.1847
NCC55,562.26263
DRD24,271.67737
NCE55,2458.8289
FDT33,2364.8333
NCT53,2345.3076
FDS26,3307.127
FDL22,1070.364
FDP44,1424.7389
FDC52,1862.4515
FDI53,320.83157
FDZ23,2692.1392
NCT18,2719.1738
FDR13,1645.8828
FDB09,262.4266
FDZ60,1359.8712
FDB11,3088.8245
FDC10,1495.5209
FDW56,2698.2202
FDK14,2115.7964
DRE27,2224.0725
FDA38,3384.9988
FDT11,2707.3225
FDP15,3315.1816
FDV27,1209.8647
FDS36,2312.6133
FDY40,1123.2521
NCF19,675.2846
FDF53,2622.916
FDS14,3680.0374
FDE56,917.1839
FDZ19,2454.5442
FDZ46,1614.6246
FDR16,2894.1406
FDG29,471.78775
NCE30,2888.7617
FDZ40,755.9331
FDG58,1921.8523
DRH03,1300.3666
FDZ47,1352.7131
FDV04,2014.2626
FDZ10,1561.9854
FDG46,1644.269
NCF07,1424.8558
FDY44,2721.6343
FDB21,3289.5286
FDS20,2724.6504
FDS49,1043.0741
FDX55,4723.842
NCQ02,2426.9329
FDR25,3351.4539
DRG39,778.2715
FDB46,2899.1895
NCC30,2223.8816
FDE58,1705.7529
FDC05,461.1573
FDY15,2274.1877
FDG14,2110.241
FDL08,3336.4355
FDQ47,469.394
FDN12,1586.0326
FDW10,2237.3906
FDD02,1640.1671
FDX35,484.20535
FDT35,2352.9177
DRN47,382.9365
FDB11,462.34396
FDN20,2368.5479
FDB59,2703.6533
FDJ58,2470.8008
FDU60,2352.9177
FDS03,915.5558
FDU40,412.85336
DRH15,669.4207
FDD04,3429.6624
FDQ01,3331.477
FDF28,1789.663
FDD22,222.57793
FDY19,1641.9047
FDN33,1241.7649
FDV36,1787.0188
FDW01,295.00766
FDJ28,2726.9778
FDB17,2475.0002
FDM40,1811.4291
FDV46,1813.7164
FDQ44,1628.6586
NCD42,564.52216
DRH37,2336.9116
FDR10,2070.339
NCD06,1013.53284
FDI53,2278.4978
FDG16,2888.7617
DRB25,1423.0403
FDY09,2478.8757
FDX48,2109.8887
FDC03,417.84518
FDT47,1312.565
FDW44,4044.76
FDT24,1025.6636
FDT12,480.3257
NCS38,1635.9482
FDO39,2694.8926
FDA13,591.0707
FDO48,2987.1533
DRJ01,2271.1184
FDD53,445.07358
NCT05,3428.6384
FDQ51,652.65814
FDU60,2352.9177
FDC59,841.4347
FDP36,678.01306
NCM19,1591.0503
FDL16,632.9352
FDE50,2424.659
NCR18,621.6516
NCD30,1302.0674
FDH31,1425.4508
FDD56,349.85434
FDC47,3180.701
FDZ21,1304.1742
FDM01,1423.1068
FDF24,1163.2341
FDW23,588.72076
FDY52,707.8192
DRH37,3804.3765
DRO47,2467.479
FDR25,3310.4316
FDQ24,5328.485
DRJ51,2905.9875
NCU06,3249.1743
NCV18,1030.1759
NCC06,2793.138
FDZ01,1236.3073
FDT14,1781.6088
FDD11,490.53662
FDN09,3329.0913
NCO18,345.33908
FDZ50,2697.2434
FDS44,3301.4153
FDI36,2701.2273
FDA26,466.00473
NCY53,1609.767
FDF32,2718.9585
FDF59,270.0812
FDB20,1037.2214
DRH11,779.5337
FDT03,2368.8528
NCH06,3117.3765
FDR55,2697.2434
FDI10,2470.8008
FDZ12,1811.4291
FDM12,2697.2434
DRB25,1423.0403
NCS41,2724.6504
NCT53,2345.3076
NCD55,580.5306
FDY08,1818.3129
NCP55,779.8304
FDA33,2116.3152
FDQ33,2102.8464
FDE45,4076.184
FDT26,1778.2366
NCV53,3473.3608
FDK60,2221.3506
NCJ29,1169.8893
FDI15,3298.5254
FDX21,1587.8514
FDV49,492.67886
DRO59,1048.2351
FDZ14,1785.1943
FDP32,2788.085
FDC33,2728.7761
FDT14,222.31049
NCN54,1864.7347
FDR57,3563.5938
DRK12,496.3601
FDX52,2716.5862
FDX08,357.9106
FDP10,197.92232
NCP50,1043.2683
NCL06,3425.889
FDP25,2966.8699
FDE53,1423.8159
FDL27,919.84357
FDC35,2895.911
DRJ47,343.0221
FDD16,825.91266
NCN42,2110.829
FDC38,2786.936
NCO07,2958.5488
FDQ20,587.2334
FDI32,1635.9482
FDN20,339.77243
DRJ51,5047.6226
FDU08,1305.999
DRN37,339.1612
FDD05,226.96379
FDW15,2108.4197
FDI52,1776.1304
DRM11,3382.052
NCO06,482.52487
FDU38,2687.5417
FDU59,2063.1335
FDJ10,1835.4309
FDM13,1808.2705
NCJ30,339.1612
FDM45,1560.9684
FDP36,663.86005
NCD30,192.74898
FDN48,1242.5088
FDY32,2275.083
FDU47,1816.2302
FDF17,447.20825
FDP34,2275.083
FDA47,2327.4417
DRD27,2286.058
FDW38,771.11145
FDZ15,227.29013
FDZ03,4359.939
NCN19,2709.453
FDG02,2709.453
FDS31,2731.8706
FDW43,497.16235
FDZ47,191.85059
FDO57,2150.016
NCL07,583.2962
NCV42,1590.9827
FDP40,1641.0509
FDP48,417.30927
FDH21,2292.6775
NCP02,793.8141
FDK24,661.0353
FDC41,1025.6636
FDF08,1207.4319
FDO49,689.14716
FDS56,5386.5938
FDX46,694.6695
FDQ07,2933.961
FDC32,182.70622
FDT21,502.0098
FDG58,2108.4197
FDW14,1206.3323
DRA12,2805.6875
FDV27,1207.7177
DRD25,1611.8105
DRF48,4352.9946
FDX24,1245.01
DRJ51,3180.701
FDE45,2468.3762
FDE14,1423.2216
FDG53,1815.0747
FDT08,2107.0803
DRC27,5234.0034
FDG20,2465.345
FDC21,1427.6094
FDV31,2206.8137
FDB58,1825.8864
FDV23,1779.4985
FDA25,198.63185
FDC15,2268.1768
FDU47,1816.2302
FDE23,651.4997
FDS08,2454.5442
FDW03,2298.238
FDJ60,2053.6387
FDM34,1808.3405
FDW33,1423.0403
FDZ40,776.8897
FDE33,923.1453
NCC06,270.5683
FDU11,1724.7003
FDL44,2338.4707
NCZ29,1781.5391
FDG28,496.9852
FDL12,693.8728
FDD52,1435.6545
FDO15,919.81464
NCN29,1140.2504
FDW36,1421.4102
FDB21,3275.1501
FDZ28,1781.171
FDY10,1642.0511
DRG39,748.22406
FDN28,1420.7395
FDV15,1423.0403
DRI13,2958.5488
FDH20,1300.5527
FDY51,2923.4053
FDE16,3060.6772
FDX40,451.89386
FDC48,931.7402
FDS14,2177.423
FDX56,3041.1968
FDI10,2470.8008
FDI14,1811.4291
DRM48,593.5317
NCH07,3676.8757
FDY26,2962.9807
FDD02,2465.373
FDM12,2697.2434
DRF01,296.96222
FDV36,1787.0188
DRI59,3139.8567
FDV03,2011.2417
FDO39,2731.8706
NCB07,2380.723
FDH38,2477.1794
FDZ13,663.86005
NCZ30,1791.1066
NCA06,460.1414
FDB04,1203.9088
FDN50,1239.3495
NCG06,3409.6685
NCY17,560.33264
FDC23,2474.1858
FDK33,2955.5388
FDR03,3063.61
FDZ07,917.1839
FDO38,1043.0741
FDS59,1425.9713
DRM11,486.6338
FDX52,4407.327
DRJ35,707.0659
NCP53,3369.573
FDW15,296.13193
DRI47,2100.9795
DRZ11,1783.6516
FDS02,2695.1985
DRD49,3021.2236
FDW38,747.64624
FDR21,343.41882
FDE40,914.507
FDI02,1587.9257
FDQ04,587.6032
FDY14,3366.0164
NCT54,1301.5518
DRD25,1611.8105
DRE01,3235.148
FDJ12,487.0646
NCZ05,1423.0403
DRB25,220.13443
NCC31,2293.6348
FDM16,1027.7286
DRG11,1420.5598
FDV24,3418.7
FDV43,633.662
FDG05,1855.5009
FDV23,262.65457
FDI58,1077.5874
FDQ11,3388.3394
FDC05,4361.769
FDF40,3403.5232
FDU02,2772.8008
FDT32,2692.1392
NCF06,3334.3735
FDT46,675.2846
FDR58,175.12192
FDY04,2332.125
FDT58,2353.844
FDE46,2113.1926
DRH11,779.5337
DRI51,2461.636
FDC35,2895.911
FDP45,3388.6108
FDC45,2358.5828
FDU01,2706.917
FDJ53,222.34222
FDJ46,2447.1086
FDX07,2706.917
NCI30,3555.9497
FDE47,2804.0044
FDV48,1047.0326
FDN16,198.63185
FDM52,2133.0325
FDA32,4747.0186
FDH05,3192.1763
FDW25,185.3327
FDQ09,1638.7498
NCM17,97.16033
DRM59,2113.5093
FDV47,2115.7964
DRE15,954.47754
FDS25,219.68422
NCZ05,1236.148
NCV05,312.76892
DRM37,2685.5042
FDV58,4356.912
FDN22,5262.9346
NCO06,481.66748
FDT56,138.50699
FDM02,1203.9088
FDA09,2518.3533
NCC06,1789.0704
NCL54,2458.8289
NCB55,779.5337
FDB12,1423.1068
NCA54,2477.8413
NCS38,1638.7498
FDC02,3340.0498
FDK44,340.3773
FDE16,3060.6772
NCS05,1825.8864
FDZ59,2357.377
FDI20,2895.6265
FDQ14,2100.4363
FDF53,2379.9167
FDW25,1223.4454
NCQ43,219.81863
FDX52,2724.527
FDE28,3045.8745
FDN15,1825.8864
FDO28,1700.631
FDQ33,2102.8464
FDM22,130.9228
FDJ03,643.9615
FDI16,764.6285
FDI09,5143.3843
FDX55,2934.6243
FDS23,2774.0972
DRC12,2720.684
FDH41,2940.529
FDN01,2456.0107
FDV55,2082.7856
NCJ19,776.6761
NCY29,142.79169
FDP03,1591.578
FDZ52,1583.0304
FDH31,199.26302
FDQ19,3163.374
FDS15,1424.7389
FDN32,2741.349
FDH32,1405.2247
FDF33,1444.2673
FDJ22,2687.856
FDG56,138.50699
FDC05,2695.1985
FDK09,3026.783
NCV29,2478.8757
NCC43,483.9352
NCA42,2293.6348
FDC10,1640.7057
FDC16,1200.6171
NCL17,1813.5062
FDA51,1638.8264
FDW01,2100.4363
NCF30,1781.5391
FDN49,585.991
FDY20,1211.4906
FDC15,2268.1768
FDY24,740.36127
NCG43,1300.248
FDA48,3048.261
NCF55,552.6016
FDL38,1221.248
NCQ29,3061.0598
FDC34,2281.1123
FDP36,1148.442
FDN50,183.12805
FDO23,1295.2968
FDT56,754.9325
FDT13,4377.838
FDZ03,2697.2434
FDQ03,479.2308
FDU44,2330.1123
FDD03,3180.701
NCH30,1614.6246
FDS60,321.7475
FDG08,2466.0293
FDX38,661.2822
FDD22,1635.9482
FDW51,2901.3032
FDL09,2355.6155
FDZ60,1345.4335
NCH07,2275.083
NCQ41,2719.0286
FDW04,1782.9608
FDI08,5503.742
FDR19,319.43228
FDV13,1208.9817
FDB52,3421.741
FDZ48,2472.8713
NCO14,661.7943
FDZ50,2697.2434
FDN27,222.57793
FDQ60,1778.5021
FDR49,663.771
DRJ35,1521.7908
DRI49,1167.5367
FDB47,3030.2527
FDP37,269.207
FDR26,2325.8433
FDY31,295.32938
FDC11,1143.2136
DRP47,3392.832
NCY54,2211.6956
FDR27,1818.3129
FDQ21,227.55208
NCQ29,3333.6326
FDJ02,2110.241
FDE21,1441.4412
FDM39,2456.6646
FDZ01,1423.8159
NCB19,1065.3815
FDU03,2647.813
FDP27,2687.5417
DRF01,2117.306
FDM03,1423.0403
FDV01,2174.6877
FDS16,2105.8784
FDO45,1213.9318
NCX06,2532.175
FDP13,577.2985
NCR38,3044.117
FDA01,754.0661
FDT26,1635.7242
FDD44,5235.0366
FDB26,783.7949
FDP45,500.06165
NCP55,771.7966
FDT23,1044.9288
FDO51,607.592
FDA44,760.9896
NCJ31,2978.2954
FDX37,1421.4102
NCD18,3240.2195
FDN40,3418.7
FDL33,2685.5042
DRF48,2688.2598
FDW08,1423.0403
FDX39,2690.6204
FDB38,2327.7136
FDY46,2408.591
NCB06,2275.083
FDA34,2484.3591
FDA35,1785.1943
FDQ07,2907.3435
FDU32,1791.1066
FDU26,1785.1943
FDU13,313.8606
FDO09,3270.0115
FDW03,199.50629
FDB38,2286.67
FDL26,311.33304
NCN43,1792.4658
FDH08,3356.41
NCC31,334.9767
FDH14,1819.8855
FDL40,1407.7738
FDD20,1791.1066
NCV53,3465.041
FDD16,859.47656
FDP24,1621.146
FDQ25,2476.721
FDM38,742.67896
NCT18,346.189
FDM34,1810.0736
DRH37,339.1612
NCE07,1825.8864
FDG12,1645.8828
FDB59,470.52472
FDS10,2207.0737
FDN21,321.207
FDM02,1206.0491
FDO44,1614.6246
NCN17,1423.0403
FDH16,1078.5212
FDL44,2289.295
FDY47,1782.9608
DRI39,778.63983
NCX54,1238.6388
FDE59,562.26263
FDO46,2712.048
DRE13,1208.259
FDW14,1210.3875
FDF35,1423.0403
FDO50,182.306
DRF49,1638.7498
FDT60,1779.4985
FDP38,662.2107
FDA31,4061.5554
FDY52,141.31679
FDD03,5047.6226
FDN52,1064.1603
FDU20,227.22537
FDD22,1587.8514
NCB55,144.83249
FDN27,1552.7681
FDD16,985.26556
FDW48,1047.798
DRN35,520.00183
FDX25,2508.8186
DRD49,3180.701
FDE21,226.9737
FDN44,2293.6348
DRC01,673.67285
NCK30,3374.06
FDU39,766.94617
FDB49,1423.2216
FDS12,1779.4985
FDR57,2037.7009
FDX22,4915.583
FDC60,1222.9177
NCE42,3091.7373
NCK42,2958.5488
DRE01,3235.148
FDE57,1608.0135
DRK59,478.9149
FDB10,5137.236
FDQ25,2459.2827
FDY26,2962.9807
FDG28,3348.4788
FDM14,1442.6108
NCH29,1434.4192
FDD48,1645.1958
FDC17,3060.6772
DRH49,2118.2253
FDN44,2026.7996
FDC29,1645.8828
DRK01,177.29947
FDD48,1645.1958
FDB59,2687.1829
FDY45,490.53662
FDX60,1044.9288
FDT09,281.29684
DRB24,1864.588
FDL13,3248.8738
FDN16,1423.1068
FDK57,1780.1881
FDO22,1890.4153
FDC57,413.99142
FDZ13,1146.1346
FDW27,2104.7454
FDX10,557.02924
FDY08,1602.0112
FDA49,1192.3007
FDC32,1138.0302
FDO04,776.11005
NCZ54,2275.083
FDY40,651.90894
FDW36,1421.4102
FDE11,2694.8926
DRE37,2687.5417
NCK19,2704.9265
FDT19,2465.345
FDE56,781.2861
FDZ57,270.60834
FDB35,1243.9333
FDF09,61.701107
FDO34,2372.0474
FDA55,3099.9744
NCM18,805.3126
FDJ20,223.03297
DRQ35,270.0812
FDG02,2709.453
NCU29,1880.6864
FDL27,1630.2733
NCA54,2477.8413
FDJ32,854.72437
FDB21,514.1962
FDR46,2121.002
FDZ32,1424.8558
DRF36,2709.453
NCU54,2895.911
NCI31,493.74237
DRA59,2697.2434
NCC55,563.03937
FDE44,609.65356
NCN26,1441.4412
FDC11,1136.1296
FDV24,2107.8645
FDR40,183.34743
NCQ17,2275.083
FDC46,2687.5417
NCM18,917.1839
FDK16,1300.0614
FDI28,1165.3022
FDS11,2823.2395
DRD13,919.03253
FDL36,1210.1033
FDI27,666.9108
FDJ53,222.32199
FDS44,3348.4788
FDE28,3192.1763
FDQ33,1852.7179
FDB37,3370.7786
FDQ31,1207.7545
NCQ05,2117.1987
FDE10,1815.2947
FDF38,575.1954
FDE50,433.75778
DRG37,324.80756
NCH06,3352.5508
FDY14,3366.0164
FDO27,1299.283
FDQ19,3457.3313
FDZ26,484.59235
FDN51,3447.0728
FDK20,1787.2448
FDD40,2530.1104
DRI25,682.3904
FDH56,1640.7057
FDI36,4389.496
DRH11,693.1125
NCV18,1167.5367
DRI01,2483.3225
DRE48,2741.1255
FDS51,795.22595
FDM38,657.08875
FDB60,4559.8765
FDY58,3256.2646
FDY22,1818.3129
FDF11,5309.7124
FDZ51,1301.5518
FDQ45,2741.349
FDF17,2721.8237
NCF31,3429.5088
FDA37,1782.9608
FDO51,614.9891
FDF34,2716.0498
FDD57,1134.4462
FDO37,3276.347
FDR49,683.0662
FDS39,1825.8864
FDI48,1282.1271
DRM35,2458.8289
FDV57,2518.3533
FDZ55,2338.8208
FDI28,1044.1246
FDS21,901.868
FDT34,1425.9073
DRI25,767.4781
FDT47,186.35211
DRH39,932.8754
NCD54,1999.8644
FDU16,2170.6558
NCW29,1822.8834
FDV25,4758.4795
FDM56,1438.3102
FDZ04,1624.8064
FDG59,68.54194
FDI56,1211.4906
FDS33,1207.4319
FDC23,2474.1858
FDT11,2707.3225
FDG17,3362.7493
FDZ44,1608.7166
FDJ52,2291.0046
DRI23,2270.7773
DRE15,151.78151
NCF07,1424.8558
NCR29,766.8576
FDE44,98.5535
FDT23,1044.9288
NCG06,3408.2473
NCU41,412.26196
FDH46,1428.3916
FDV31,2458.8289
NCT41,3429.5088
FDE22,3705.2869
FDC26,1436.6626
DRF51,579.4368
NCY53,222.57793
FDY21,2679.9963
FDL27,918.21075
FDZ34,2686.6768
NCF43,271.12946
FDC21,1442.9282
FDL26,2168.9395
FDT25,222.34222
NCR30,933.7504
DRL23,199.11992
NCR05,2691.5088
NCE19,701.5738
FDY07,625.7238
FDB10,3240.2195
FDP57,1425.9073
FDU48,270.62567
FDH48,1206.0491
FDO33,1638.7498
NCU29,2117.1987
FDW35,599.0859
FDH05,479.2308
FDP26,1424.2712
DRG27,609.17914
FDQ33,2102.8464
FDH20,199.26875
FDV14,1200.015
DRD01,756.2753
NCI17,1301.8599
FDF39,523.27795
FDX37,1421.4102
NCX17,3051.4294
FDN03,3548.2239
NCS41,406.3018
FDH34,2708.3223
NCX53,1603.172
FDY31,2103.4084
FDD20,1792.4658
FDE51,650.5977
FDV27,1209.8647
FDF16,2100.4363
FDZ02,1300.3666
NCK05,906.7265
FDM12,4359.939
NCA05,1774.4906
FDX33,2281.1123
FDM25,2467.4744
FDE41,1064.1603
FDW14,1208.477
NCD30,1300.7911
FDB23,491.72357
FDF45,802.88135
FDW20,1701.9257
FDF47,2717.1797
NCR05,458.26056
DRB01,2687.5417
FDE36,2352.6025
FDU56,2692.9521
FDB23,3111.556
FDN48,1207.9557
FDS43,2697.977
NCN05,2709.453
NCL53,2477.8413
FDL56,1207.4319
FDH17,1150.9364
FDP37,1779.4985
FDG09,417.30927
FDA55,3099.9744
FDX31,3323.7378
FDJ41,3417.7446
DRC24,2186.2476
FDQ21,1782.3748
NCT54,1243.9333
FDH08,3356.41
FDY38,2916.4746
DRM11,477.084
FDG32,2907.6487
NCH18,3317.969
FDI20,3067.008
FDA33,1864.588
FDN45,3023.7034
FDT45,133.33699
FDR32,3192.1763
FDA48,2910.6125
FDN23,2124.1897
NCR18,621.7457
FDD45,1243.9333
FDI22,2640.2544
FDT09,1821.9757
DRC24,3444.5386
FDT39,2113.5093
FDX28,1402.4956
FDA50,1138.8821
FDT33,3870.8547
FDQ60,1778.5021
NCM19,1424.7164
FDF40,3473.4204
NCI30,3311.4897
FDK34,3399.5159
FDA38,5315.748
FDT02,559.72644
FDC11,1138.1497
FDD08,588.2783
NCS29,3392.832
DRI03,348.93723
FDK48,917.978
FDM52,2114.771
FDP49,755.4074
DRA24,2330.2002
NCJ43,2484.3591
FDE11,2697.2434
FDP01,1990.2817
FDQ59,1064.1603
FDA43,409.88345
FDL14,2113.8884
FDV50,262.65457
FDT01,4665.2656
NCC42,1817.1594
FDO28,1634.0183
FDD32,182.55869
FDV45,2692.9521
NCW17,278.03433
NCJ17,2173.1477
NCF18,2682.4558
FDP01,1990.2817
FDH24,2165.222
FDI38,4915.583
FDX03,614.7503
FDY28,2899.1895
FDN34,2222.0237
FDJ02,2114.771
FDW40,271.538
FDX03,607.2137
FDE17,3434.6458
FDT58,2353.844
FDI38,3063.61
FDW22,3113.4268
FDS15,2310.6174
NCX06,2741.349
DRK47,3226.8967
FDC23,4091.8215
FDM56,220.13443
FDP21,2712.048
FDP58,2888.7617
FDA27,506.25238
FDK41,181.96664
NCH42,3264.5693
FDG29,596.31104
FDW15,1857.6284
FDD28,683.6431
FDQ37,2600.454
FDC23,2474.1858
FDV13,1213.0458
FDK33,3057.5603
FDO33,1635.9482
FDN21,2319.5552
NCW06,4395.328
FDI38,3063.61
FDC21,2302.6772
NCS05,1825.8864
NCN53,567.91876
FDV40,157.46603
FDG60,3192.432
NCY30,4429.3657
FDM40,1811.4291
NCO30,2719.4944
FDK10,2518.8267
FDM36,2463.2007
FDN10,1642.0511
FDM46,1089.7084
FDX50,1581.2609
FDP33,3287.6746
FDO12,2702.4697
FDC28,1586.0326
FDO31,1170.3779
FDX45,2102.8464
FDV21,1781.5391
FDH04,1211.4554
NCG54,2353.844
FDO13,2321.2898
FDA09,4071.1829
FDC38,1811.4291
NCO42,1967.5527
FDL45,1791.7177
NCK31,689.96906
FDM39,2456.6646
FDC22,410.6565
FDF46,1638.7498
FDQ37,2693.1655
FDH41,457.12756
FDQ04,609.17914
NCQ02,4352.9946
FDJ57,4382.0327
NCE07,1825.8864
FDE56,779.8989
FDI20,3067.008
FDK36,601.3234
FDP08,4402.336
FDF44,1815.2947
NCU53,2362.168
FDF47,2717.1797
FDS55,295.3469
FDZ52,219.56587
FDL04,1232.3953
NCM26,2010.2671
FDX43,2354.473
FDP52,3096.8203
DRK49,598.1989
FDE38,2325.961
DRF13,2134.5898
FDK41,181.96664
FDJ04,2571.4878
FDZ44,1438.8188
FDS11,3126.0308
FDA55,3099.9744
NCW53,2713.936
FDB49,2300.0378
FDD23,2702.6733
NCV42,1590.9827
NCZ29,1561.8027
FDQ26,754.0661
FDV08,590.1544
FDC53,1423.8159
FDV58,373.1404
NCP02,142.79169
DRI37,779.5337
FDQ12,3274.9814
FDE33,1046.2488
FDX27,1237.283
FDM22,675.5375
NCH30,222.57793
FDC04,3336.4355
FDO38,1044.9288
FDV52,2467.592
FDB32,1230.3909
FDV43,597.4725
FDI24,2204.2864
FDR40,1171.6208
FDW02,1811.8258
FDE44,670.1894
FDL38,1223.4192
NCT54,188.4523
DRJ39,465.44702
FDW55,3545.145
DRF13,271.9992
NCW17,1819.4305
FDP13,590.9967
FDS08,2218.6829
NCP17,854.8231
NCO53,2687.77
FDH19,2473.153
FDJ04,1700.3771
FDG10,777.2733
FDA40,182.34848
FDI53,2327.4417
FDU09,129.33401
FDK60,1406.6228
FDR43,498.01373
FDW22,2968.4722
DRP47,485.61826
DRG48,311.66937
FDA14,2118.575
FDU49,1204.0466
FDK28,3376.1528
FDT19,2448.6663
NCQ42,1700.2286
FDD03,3180.701
NCM53,1423.2053
NCX53,1820.3892
FDV14,2175.024
NCZ54,2323.9534
FDB39,767.52167
DRC24,2113.1926
FDY36,946.7924
FDN01,2460.9526
DRH25,722.7655
FDV08,624.708
NCP53,3369.573
FDU52,314.1499
NCI42,3057.5603
FDZ14,1785.1943
FDF11,3381.7454
FDQ13,1068.6642
FDO32,97.16033
DRJ37,1852.7179
FDY43,2353.844
NCT41,2102.8464
NCV17,1813.7164
FDM04,1251.0236
DRB48,448.113
FDM24,2102.333
FDT37,3427.2095
NCO05,192.61812
FDL13,3248.8738
FDL15,2103.0923
FDB11,2822.0547
FDL14,318.7549
FDY10,222.57793
FDJ40,1591.1216
NCW18,3215.852
NCY06,1811.7697
DRE13,1065.6663
FDA26,2956.1255
NCE19,141.1585
FDE33,1046.2488
DRL59,1299.758
FDY07,662.97107
FDF57,2213.2747
FDM58,1589.7466
FDP26,2297.2964
FDY32,2323.9534
FDD51,95.82138
FDU22,1492.6166
FDZ49,2680.8096
NCI42,3057.5603
FDT04,859.1131
NCU41,2687.856
FDS56,3232.4116
NCN42,2110.829
FDK34,3399.5159
FDB03,3283.6187
DRJ25,685.0664
FDT25,2790.4932
FDN20,2368.5479
FDP09,2954.3042
FDM20,487.06042
NCG55,1644.0894
NCP14,1423.0403
NCH06,3117.3765
FDV52,1551.2382
NCL07,598.1989
DRJ11,4358.313
DRO59,1027.0829
FDW15,296.13193
NCQ30,1791.1066
NCN54,158.46881
FDY01,2467.592
FDX39,2951.1465
FDH53,2133.8875
FDA57,585.99634
NCC07,220.80682
FDU28,2692.1392
FDK36,96.15348
FDR36,545.9159
NCQ17,2102.8464
FDS28,138.34709
FDE08,2103.0923
FDU22,1705.5552
FDG41,1438.3774
FDO31,158.59843
FDM21,481.95987
FDU40,2447.9084
FDV36,1565.9568
FDT10,1343.8909
FDX38,668.0966
NCU30,3812.5288
NCV06,2710.3694
FDT16,3405.0723
NCP41,2303.8506
FDZ56,2373.0376
FDC22,2714.6936
FDU10,589.5301
FDS46,1644.011
FDO08,2334.8032
NCV42,1251.8776
FDP33,3287.6746
FDJ12,3052.7747
FDH04,1213.6091
NCU54,2895.911
FDO36,366.48624
FDT37,5362.637
FDD14,431.8677
FDA16,3008.118
NCS42,182.96895
FDP10,198.2068
FDQ28,2106.003
FDK57,223.04836
FDK02,1636.8727
FDW47,1559.2875
NCC42,1600.9949
FDQ37,2357.0835
FDL40,1306.1044
DRE13,176.94936
FDQ34,2295.3137
NCB54,1785.1279
FDS48,2104.663
FDO15,921.4503
NCT30,670.1894
FDU49,2175.024
FDE21,1647.7726
FDS49,182.34848
FDT38,2170.6558
FDZ01,1423.8159
FDC41,1025.6636
DRG13,339.1612
NCZ42,3075.0178
NCM07,1209.8647
NCV17,1601.0499
DRK39,1168.5474
FDS37,1439.7893
FDV12,187.85512
NCG19,2903.028
FDS51,854.92596
NCO14,624.708
FDC38,1811.4291
FDN15,1817.1594
NCH42,3145.553
FDQ22,527.9723
FDC05,2695.1985
FDZ31,2714.6936
DRJ23,2697.412
FDC52,2110.241
DRD12,176.86063
FDV55,2116.9897
FDD32,1169.8893
FDR01,3074.874
FDY08,293.2466
FDQ45,2702.6733
DRN11,3455.307
NCS05,1608.0135
FDY32,2323.9534
NCD31,2342.9036
NCE06,2319.9038
NCP14,1423.0403
NCF18,409.35733
FDF14,1862.4515
FDB22,2102.8464
NCH54,2275.083
FDU27,650.64185
FDS58,3705.2869
NCU29,2135.4812
FDJ57,2712.048
FDL56,1205.2891
FDH60,2690.097
FDN24,692.48126
FDD02,1707.0304
FDP15,3315.1816
FDB28,4346.078
DRC49,2121.002
NCG30,1557.1024
FDJ14,1045.1742
FDL52,571.2249
NCG19,5047.6226
NCN41,1785.1279
FDW22,3127.4177
FDI02,1614.7001
FDV51,2341.9258
FDV48,1047.0326
NCL17,271.12946
FDP46,1213.9318
FDU10,568.34564
FDT37,496.61014
FDI27,668.0966
FDN51,3407.4866
FDW07,1205.1464
FDN45,3031.8315
DRN37,3790.9001
DRF48,2688.2598
FDP38,138.93777
NCX18,4407.5293
FDK45,1441.4412
FDZ37,1200.6171
FDS50,2822.0547
NCR54,2418.682
NCS17,1299.0883
FDV31,2458.8289
DRE27,1300.0614
FDN60,2272.4753
FDK26,2730.3296
FDX37,1234.7318
FDW31,2706.6626
FDX26,2408.3074
DRL49,271.12946
FDU49,1206.1873
FDY58,3256.2646
FDN03,3623.1929
NCV06,413.68658
FDH53,1161.8326
FDG31,809.20325
NCC06,1819.4305
FDS13,3292.772
FDP16,3342.5872
FDA35,1785.1943
DRP47,3052.9465
FDY28,463.8271
FDY20,1211.4906
NCH30,1587.8514
NCR29,142.79169
NCP05,2103.0923
NCF30,261.87802
FDA08,2334.8032
FDN51,5338.0435
FDH12,1421.4102
FDY39,2751.4326
NCO53,2687.5417
FDB40,2114.645
FDH02,1204.6531
FDY11,1624.8064
FDQ09,222.57793
FDP16,3381.413
NCF55,350.5344
FDY09,4091.8215
FDY39,2751.4326
NCU53,2332.1719
NCT41,2102.8464
FDJ45,578.05707
FDR28,2340.217
FDN08,1640.7057
FDJ07,1642.0511
FDZ09,3783.2957
FDQ14,2100.4363
FDY12,1146.1346
FDK57,1780.1881
FDD20,1783.7742
FDS36,1382.1729
FDI40,1423.1068
FDJ40,1591.1216
FDE08,2103.0923
DRK01,1299.2421
FDC58,623.59906
FDE50,2706.917
FDX48,2109.8887
DRM35,2206.8137
FDG41,1438.3774
FDB52,3421.741
FDV19,2292.6775
DRG48,2131.7578
FDI26,2470.6875
FDU11,222.34222
FDF59,270.0812
FDR07,1235.0872
NCE06,2319.9038
FDE10,1818.3129
NCO55,1438.3102
FDZ13,664.01733
FDT50,1300.0614
FDH12,198.39401
FDD21,1647.0847
NCM05,3421.3362
FDK04,792.9039
FDN33,1299.283
NCM18,143.38814
DRC25,1211.863
FDT47,1312.565
FDD45,2226.6257
NCD07,1434.1455
NCY54,370.42764
FDL12,779.0039
FDL02,1418.825
FDC60,1225.0919
FDR37,2515.467
FDY16,2697.5613
FDU26,1710.3517
FDN24,764.16205
FDH44,2113.1926
FDE23,86.21877
FDW60,2493.7654
FDQ55,1647.7726
FDV32,1430.9806
FDV03,318.27557
FDY14,439.02817
NCL55,5279.431
DRF25,576.23486
FDX03,614.7503
FDF40,3364.437
FDX24,181.95146
FDA25,1423.1068
FDH21,2026.7996
FDB47,458.26056
FDT34,214.27686
FDS39,282.1394
NCU05,1046.127
FDE02,1240.3038
FDL25,1210.1033
FDC50,1240.3038
FDZ32,1424.8558
FDV14,1194.6997
FDR07,1237.283
FDB26,761.2974
NCR50,2110.829
FDP01,1769.7693
FDH57,1822.1226
FDM60,855.893
FDA45,2239.49
FDU55,3427.2095
FDH40,1166.1996
FDG40,64.744606
FDT12,3088.6948
DRL59,753.2136
FDT47,1260.5521
FDI60,917.978
DRF51,776.3787
NCK31,675.56683
FDB08,2288.6824
FDM44,1424.8558
FDD46,1849.4891
FDR27,271.46576
FDV56,221.22679
FDM02,1203.9088
FDU45,1441.4412
FDZ10,1781.7456
NCK31,96.05032
FDR27,1818.3129
FDF33,1428.9342
FDJ36,1423.1068
FDP33,3287.6746
FDG17,3362.7493
FDG47,3785.2522
NCW29,1792.4658
DRH59,917.1839
FDR32,3192.1763
FDP48,2731.8706
FDG17,3362.7493
DRJ59,583.17474
FDY48,2295.6028
FDB02,2476.0334
FDN10,222.57793
NCD55,595.36273
FDX34,1777.0857
FDZ38,2476.721
DRF37,3292.929
DRL47,262.4266
FDL27,917.42914
NCP53,3274.9814
FDT03,413.2516
FDJ28,2726.9778
FDF40,3288.2078
FDA32,2957.3157
NCP02,769.76953
FDZ31,2696.3752
NCQ29,3348.2805
FDP57,198.62253
FDL32,2470.4236
DRB01,2710.3694
FDJ40,1441.2726
FDO24,2008.9382
FDO11,3081.5166
FDA56,1716.0161
FDF02,1421.4102
FDA10,1694.1877
NCI55,1787.7137
FDZ40,134.68597
FDV08,601.4179
FDN48,1207.9557
FDU57,2108.4197
DRF49,1638.7498
FDS02,2695.1985
FDS43,2697.977
FDT16,3444.6304
FDX19,5047.6226
FDK15,1423.0403
DRA12,1823.6211
FDY35,667.22046
NCU42,2373.0376
FDD26,2697.2434
FDR11,2014.2626
NCP53,3369.573
FDP34,2275.083
NCV41,221.22679
FDN20,2092.9993
FDZ16,2449.893
FDZ28,1781.171
NCL55,3413.2515
NCJ17,1207.4319
FDT37,3392.832
FDV51,2372.0474
FDZ28,1781.171
FDN27,1552.7681
FDS14,320.65115
FDZ58,1780.3945
FDD46,2171.7527
FDJ03,650.5977
FDU03,371.39612
FDA33,3444.5386
NCW53,2703.1982
NCC55,556.2712
FDP52,479.2308
FDE39,1788.3058
FDB44,3060.6772
FDG59,562.0392
FDI05,942.4106
FDF59,1781.5391
FDM39,364.77106
FDB14,1195.48
NCS05,282.1394
DRJ35,795.22595
FDO31,182.92825
FDA31,2442.1943
FDX40,590.0208
FDW56,2704.9265
FDH09,600.8023
FDA52,348.62582
FDF20,410.8014
FDE40,780.38947
NCU17,1440.6635
NCP14,1423.0403
FDN25,1349.4
FDU39,766.94617
NCM05,3355.3215
FDU07,2102.8464
FDF28,1789.663
FDR57,2289.638
FDJ33,1783.6516
DRH23,779.5337
FDQ52,3443.6284
DRK13,2679.9963
FDP09,3056.2888
FDR08,2312.5076
FDV50,1778.1492
FDT13,2709.453
FDJ27,2298.0527
FDH21,2292.6775
FDW14,2175.024
FDL52,591.7752
FDW28,2680.421
FDL40,1303.5371
FDE24,1811.4291
FDX35,3067.69
FDP46,1207.4319
FDX56,3041.1968
FDQ45,2712.048
FDK50,3701.0374
FDY26,2962.9807
FDQ09,1638.7498
FDN39,2360.358
FDP13,584.70013
FDR51,2112.6646
FDZ49,465.03217
FDL28,2968.274
FDZ10,1781.7456
FDK38,2104.663
DRL49,2790.1338
FDR15,2116.3152
FDQ24,3405.3938
FDD56,2465.345
NCR42,482.97928
FDH52,917.978
FDH57,270.93698
FDR15,321.87277
FDJ34,1785.0052
FDW37,1226.3629
FDQ23,1236.3073
FDP34,2275.083
FDE04,4138.42
FDC48,1056.4286
FDA47,320.83157
FDI35,2219.121
NCV05,2189.4778
FDR28,2340.217
FDH31,1411.0732
FDP59,198.63185
FDS19,923.03784
FDM60,602.82477
FDJ44,2213.2747
DRH51,1206.0491
DRC25,1214.0176
DRE25,1241.7258
NCX05,1638.7498
FDR11,2278.4978
DRP47,3324.797
DRC49,271.12946
FDQ47,803.2115
FDL20,1587.8514
FDM34,1811.9797
NCN55,3352.717
FDD41,1423.1068
FDE52,1210.3875
NCT18,343.41882
FDJ32,705.64386
FDE16,3060.6772
FDZ09,2323.9534
DRZ11,1785.0052
FDK41,1203.9088
FDE56,779.8989
FDH34,2708.3223
DRI49,1165.4646
DRI59,3103.7856
DRC36,2470.308
FDS15,198.86064
FDI07,2450.2017
FDZ15,1439.7893
NCX41,4910.878
NCO29,339.1612
FDF57,2360.082
FDI33,1214.4388
DRJ47,2459.7966
FDB34,1206.505
FDY22,2797.5273
DRL11,2279.6633
FDY46,2687.856
FDG17,3401.8093
FDE52,1066.3047
DRP47,5202.397
FDO01,267.00275
FDL09,2355.6155
FDR57,2289.638
DRD37,662.97107
FDQ36,833.48376
FDL33,2685.5042
FDL48,649.89496
FDL28,3248.8738
NCN29,662.97107
FDO13,2321.2898
FDB38,2335.7893
FDI36,2706.7812
FDI58,1211.4906
FDH22,1559.0807
FDQ27,1445.2877
FDT33,2341.9258
FDC56,1644.5931
FDF14,2114.771
FDQ39,2704.9265
NCM43,2342.9036
FDS46,1712.3162
FDI22,2895.911
NCE43,2306.7517
FDZ36,416.30118
FDR13,223.03831
FDP46,1068.2113
FDW56,412.85336
FDB40,2133.0325
FDM28,2208.7263
FDV49,3468.4639
NCS53,2011.2417
FDO03,3278.1228
FDT15,2731.8706
FDD33,3180.701
FDX13,3382.052
FDH60,2684.5796
DRH51,1206.0491
NCL07,597.1364
FDW51,2894.1406
FDF21,417.30927
FDH26,271.538
FDJ03,662.68176
FDU35,1314.9849
DRL01,2913.5046
FDE59,562.26263
FDI60,917.978
DRH39,986.0927
FDK36,676.28534
FDN52,1206.0491
FDU12,3176.9165
NCT05,5362.637
FDS37,2477.1794
FDK24,663.771
DRF36,2709.453
FDN46,198.44441
NCN06,2323.9534
FDD59,1046.127
FDM14,1442.6108
FDO10,673.78253
FDU35,1313.7393
NCA30,2403.752
NCO41,1313.2892
FDI24,2456.0107
FDZ16,2714.6936
FDV47,1168.5474
FDV16,491.74567
FDZ22,1169.8893
FDO20,504.9658
FDW38,761.99054
FDW52,2339.2405
FDT43,139.55093
NCS29,3366.0164
NCC31,2117.1987
FDA21,2692.9521
FDQ55,1647.7726
NCE54,940.01636
FDD45,1246.4398
NCP17,917.67395
FDR47,2784.9985
DRM35,2458.8289
FDR47,411.21634
FDX19,469.84125
FDV22,3563.5938
FDQ46,2492.8423
DRO47,1614.6246
FDB44,489.58597
FDN02,458.26056
FDW10,2237.3906
FDJ41,506.63177
FDM50,775.7203
FDW10,2237.3906
FDY48,1423.8159
NCE30,4637.0044
FDO04,766.7514
FDQ26,138.34709
NCX29,1868.7148
FDE39,1645.1958
NCR54,4355.0093
NCP55,1335.4626
FDX22,3063.61
FDI05,944.0864
FDC51,2795.9211
FDC10,1647.793
FDJ46,2463.7788
FDV10,87.97345
FDX12,5308.092
FDL43,158.59843
DRB13,2707.3225
FDF59,2777.28
FDT35,2352.9177
NCJ19,778.0575
FDT35,2084.242
FDI48,663.86005
DRC24,296.30426
NCZ05,1423.0403
FDJ57,2712.048
FDX11,2694.8926
FDE09,1594.4275
NCK06,1737.2659
DRE37,2687.5417
FDV56,1425.4508
FDY43,2353.844
FDV35,2096.463
FDF05,496.61014
FDA36,2736.5725
FDS13,5161.283
FDU47,1816.2302
FDI36,417.84518
FDH48,1206.0491
FDZ14,1785.1943
FDS46,1787.2448
FDE21,1647.7726
FDA26,2974.5273
FDV12,1423.1068
FDL46,222.57793
FDN57,1813.7164
NCJ18,1638.7498
FDO36,2451.365
FDX55,2675.5564
FDT25,222.89584
FDD16,932.0929
NCX18,2719.0286
NCG55,1438.8188
NCV18,1165.4646
NCS18,1425.9073
FDC37,1426.6995
FDE47,1791.7177
DRG49,472.694
FDC39,3042.0325
FDH24,334.59164
FDV39,3727.885
NCL17,1813.5062
NCY53,1631.0265
FDH52,916.3485
NCD19,694.31793
FDI44,1035.1354
DRD49,5011.7363
FDN08,1640.7057
FDO20,5221.1733
FDY02,3345.6655
FDX23,1242.8385
FDX01,1645.8828
FDH20,2223.9866
NCX41,3057.5603
FDD21,2480.023
DRH11,138.31839
DRE60,2772.8008
FDB10,3230.3032
FDH38,1643.0127
NCL07,445.585
FDD48,1642.3833
NCT54,2216.6167
FDF32,4400.698
DRH51,1206.0491
DRG03,2173.0503
NCY42,282.1394
FDH32,1301.5518
NCJ06,2801.6914
FDH47,2226.6257
FDZ08,1030.1759
FDK16,1300.0614
DRG01,905.9642
NCM53,2299.9326
NCB07,2680.421
NCZ06,3309.8918
FDU48,1806.2693
NCB55,1385.1982
FDP15,3413.2515
FDF17,2721.8237
NCN06,2323.9534
DRM48,468.17807
FDH10,2406.2324
FDC60,1085.0325
FDE35,673.78253
DRI23,2319.5552
NCR38,3329.7422
FDP04,857.71686
NCW17,1819.4305
FDX34,1777.0857
NCK53,1320.4757
NCO54,140.23163
NCH55,1791.7177
FDT44,2467.479
DRG49,3282.1467
FDX46,129.33401
DRG36,2464.2703
FDU37,1164.1299
FDK10,2518.8267
DRF37,5152.5273
FDC44,1614.6246
FDP15,3315.1816
FDZ27,1176.5533
FDY22,293.2466
DRG51,2340.217
FDN58,3248.8738
FDW01,2100.4363
FDX24,1093.066
FDO51,595.15375
FDJ52,3808.1562
NCY06,270.93698
FDE20,2096.969
FDT23,158.02513
FDQ51,688.627
FDE35,802.29395
FDB46,2899.1895
NCG19,3177.465
NCL06,3109.6538
FDT36,68.64867
FDC56,1780.1881
FDJ26,2899.1895
FDZ59,2357.377
FDV11,4066.5137
FDR13,223.03831
FDI15,3028.822
FDF47,2498.3806
NCB54,270.93698
NCK19,4386.5034
FDX16,2096.463
FDL50,1786.5491
NCE31,505.98492
DRJ01,2319.9038
FDE22,2293.6348
FDY20,182.51616
NCO14,625.7238
NCR50,2110.829
DRM47,2692.9521
FDO27,201.35812
FDJ20,2793.5083
NCX17,3064.8438
FDG59,562.0392
FDD52,1435.6545
FDO48,2987.1533
FDC59,132.80095
FDS15,1237.6237
FDB47,3019.0745
FDV14,182.34848
FDB27,2697.0427
FDA35,1786.5491
FDN51,3127.5728
FDO39,408.15414
FDB28,2679.9963
DRJ25,685.0664
FDH46,2303.9385
FDI10,2470.8008
FDU21,354.94336
FDD09,2478.8757
FDD10,2332.007
FDN31,409.35733
FDA46,2418.682
FDM56,1423.0403
FDF11,511.4668
FDS32,1604.9675
NCM06,2102.8464
FDZ26,3294.8584
FDO01,1713.6051
FDJ46,2463.7788
FDG26,466.97308
FDZ38,2476.0334
NCO55,1423.0403
FDT60,1779.4985
FDW37,1224.1866
NCK42,2696.2478
FDA45,2237.3906
FDW55,3126.6719
FDY44,2721.6343
FDQ31,1207.7545
FDM09,2470.8008
FDH12,1234.7318
NCQ43,1438.4769
FDT33,2372.0474
NCT41,1852.7179
DRJ25,84.973045
NCQ41,2719.0286
NCN17,1423.0403
DRO35,2475.7678
FDU27,571.8952
FDY43,3848.8953
FDG46,1647.0847
DRL49,1838.5203
NCB55,778.14966
FDK28,3376.1528
FDO49,665.198
FDT03,2389.9092
FDW33,2295.3137
FDR02,1592.5989
FDF50,2707.5251
FDA40,1066.9869
NCT53,2088.1204
FDY60,1823.7925
FDP44,2298.0527
NCQ50,2954.3042
NCC30,2478.8757
FDQ60,1556.4629
FDG41,1438.3774
FDQ03,3251.9219
FDM03,1423.0403
FDZ51,1089.7084
DRF51,591.0707
FDF39,3372.7148
FDW52,2339.2405
FDY22,2112.5376
FDG14,2110.241
FDA57,566.4738
FDL45,270.0812
FDX28,1284.0148
NCQ54,2373.0376
FDH40,1044.9288
FDU52,2272.4753
FDT60,222.89584
FDK08,1424.7389
FDN04,2476.0334
FDE50,2706.917
FDI16,662.68176
FDM50,780.5728
NCV30,839.6013
FDT44,1638.7498
FDY60,2133.0325
FDT56,756.2753
FDV58,2163.3396
FDU04,1789.0525
NCN05,4377.838
FDI53,2057.533
FDD34,2342.9036
FDW47,2790.4932
FDT51,2502.1135
FDO27,1296.9773
NCQ18,1236.148
NCW05,1433.9827
FDI15,438.1118
NCH43,457.12756
FDT40,1776.3956
NCG19,3177.465
NCM30,593.43304
FDB38,2286.67
FDB22,2102.8464
FDC58,624.708
NCI29,1825.1243
FDA23,198.39401
DRG48,2097.3162
FDV21,1781.5391
NCG18,199.27849
FDG40,495.25476
FDU24,1138.8821
FDA22,2353.844
FDY35,674.096
FDJ15,2741.349
NCW18,2960.3699
FDK56,2408.3074
FDF44,1818.3129
FDP51,1708.8737
FDU22,2467.479
FDM28,2460.9526
NCL42,3331.0068
FDJ15,418.82474
FDI32,1437.0349
DRL11,2279.6633
DRO59,904.14185
FDA07,224.04047
NCO53,2687.77
FDO21,3114.7249
FDW39,2470.308
NCV17,1819.4305
FDE22,2293.6348
NCB06,2011.2417
DRF48,2688.2598
FDB05,3533.3452
FDP28,5235.0366
FDP23,2965.6333
NCS41,2441.5642
FDS40,446.06055
FDA16,2965.6333
FDN20,2354.1191
FDF04,5511.1543
DRG36,2080.8728
FDW16,1090.6527
FDU09,765.50696
FDW01,2100.4363
FDB15,3298.5254
NCJ17,1205.2891
NCT18,2436.6565
FDG16,2633.736
FDP27,2704.9265
FDQ44,2801.6914
FDL50,2795.9211
FDW57,4071.1829
FDS34,1637.6
NCV30,780.97015
FDD26,2417.0015
FDA03,2106.249
FDS27,2450.2017
FDM12,2697.2434
NCV42,2502.1135
NCS41,2692.9521
FDN56,1628.636
DRK59,3044.3318
NCG18,1425.4508
NCN26,1647.7726
FDI60,1533.5491
NCI43,651.2396
NCL17,1813.5062
FDQ19,496.9852
FDY43,2353.844
FDR36,611.96
FDJ58,2470.8008
DRY23,613.75256
FDK26,4368.702
DRH03,1302.6783
FDC10,223.03297
FDD23,2702.6733
FDP32,1781.5391
FDO31,1048.673
FDQ57,2125.2742
FDX32,3442.6956
FDC39,4648.479
FDU55,3427.2095
FDL45,1791.7177
DRK37,2712.2356
FDK22,2958.5488
DRG37,3548.0447
FDK22,2958.5488
DRH36,809.20325
DRC36,2222.0237
DRE03,994.54065
FDF34,2721.6343
FDZ22,1169.8893
FDC44,240.1106
FDN31,4344.2627
FDO03,3278.1228
FDA01,779.0039
NCH42,3264.5693
FDF46,1434.1455
DRL35,624.708
FDW46,915.5558
FDB58,1825.8864
FDD47,2086.3877
NCO17,1638.7498
FDJ26,2951.1465
FDU37,1044.9288
